연도,회차,일차,경주,1위,2위,3위,단승식,연승식,쌍승식,복승식,삼복승식,쌍복승,삼쌍승,Refund
2021,48,2,01R,① 배혜민,⑤ 이경섭,④ 사재준,(1) 1.3,,(1-5) 6.4,(1-5) 5.7,(1-5-4) 5.8,(1-5-4) 7.3,(1-5-4) 23.2,
2021,48,2,02R,① 길현태,② 박준현,③ 이수빈,(1) 4.3,,(1-2) 15.0,(1-2) 8.6,(1-2-3) 47.3,(1-2-3) 122.3,(1-2-3) 192.3,
2021,48,2,03R,① 손지영,⑥ 양원준,② 김국흠,(1) 3.6,,(1-6) 18.1,(1-6) 13.9,(1-6-2) 4.3,(1-6-2) 14.2,(1-6-2) 54.5,
2021,48,2,04R,③ 김완석,⑤ 전두식,④ 서종원,(3) 1.3,,(3-5) 3.4,(3-5) 3.4,(3-5-4) 9.3,(3-5-4) 9.6,(3-5-4) 22.6,
2021,48,2,05R,② 박원규,⑤ 김지훈,③ 권현기,(2) 1.8,,(2-5) 5.7,(2-5) 4.3,(2-5-3) 31.1,(2-5-3) 40.5,(2-5-3) 78.5,
2021,48,2,06R,③ 윤영근,① 안지민,④ 이태희,(3) 3.9,,(3-1) 8.2,(3-1) 2.4,(3-1-4) 3.1,(3-1-4) 10.2,(3-1-4) 17.8,
2021,48,2,07R,② 조규태,③ 김도휘,④ 배혜민,(2) 1.9,,(2-3) 3.7,(2-3) 2.5,(2-3-4) 1.7,(2-3-4) 3.0,(2-3-4) 5.9,
2021,48,2,08R,① 조성인,⑤ 윤동오,② 홍진수,(1) 1.3,,(1-5) 3.1,(1-5) 2.9,(1-5-2) 2.6,(1-5-2) 3.0,(1-5-2) 7.1,
2021,48,2,09R,④ 조현귀,② 이종인,① 정용진,(4) 5.9,,(4-2) 30.1,(4-2) 7.1,(4-2-1) 3.4,(4-2-1) 26.7,(4-2-1) 63.8,
2021,48,2,10R,① 엄광호,② 정경호,③ 길현태,(1) 3.9,,(1-2) 6.7,(1-2) 2.3,(1-2-3) 4.3,(1-2-3) 14.6,(1-2-3) 18.7,
2021,48,2,11R,② 김태용,④ 박종덕,③ 구본선,(2) 1.9,,(2-4) 3.7,(2-4) 1.9,(2-4-3) 5.0,(2-4-3) 8.6,(2-4-3) 13.9,
2021,48,2,12R,① 장영태,③ 한 진,④ 전두식,(1) 1.8,,(1-3) 2.8,(1-3) 1.6,(1-3-4) 2.1,(1-3-4) 3.5,(1-3-4) 5.4,
2021,48,2,13R,④ 김민길,⑤ 김선웅,① 박정아,(4) 8.9,,(4-5) 24.2,(4-5) 13.6,(4-5-1) 2.7,(4-5-1) 14.6,(4-5-1) 42.0,
2021,48,2,14R,① 오세준,② 오상현,④ 윤영근,(1) 1.4,,(1-2) 15.1,(1-2) 10.3,(1-2-4) 5.4,(1-2-4) 8.8,(1-2-4) 30.7,
2021,48,2,15R,① 한성근,⑤ 김현철,③ 안지민,(1) 1.3,,(1-5) 7.3,(1-5) 5.9,(1-5-3) 3.6,(1-5-3) 4.7,(1-5-3) 15.0,
2021,48,1,01R,② 윤영근,① 김승택,④ 구본선,(2) 1.2,,(2-1) 4.6,(2-1) 2.9,(2-1-4) 3.2,(2-1-4) 5.4,(2-1-4) 9.8,
2021,48,1,02R,① 박종덕,② 장영태,④ 김선웅,(1) 1.3,,(1-2) 4.7,(1-2) 3.1,(1-2-4) 4.4,(1-2-4) 6.7,(1-2-4) 10.5,
2021,48,1,03R,⑥ 엄광호,③ 김보경,② 김태영,(6) 9.0,,(6-3) 16.8,(6-3) 7.5,(6-3-2) 4.6,(6-3-2) 18.2,(6-3-2) 55.9,①
2021,48,1,04R,① 이지은,③ 김지영,⑤ 이태희,(1) 2.4,,(1-3) 16.9,(1-3) 10.7,(1-3-5) 3.9,(1-3-5) 9.0,(1-3-5) 25.4,
2021,48,1,05R,① 원용관,⑥ 안지민,③ 박상현,(1) 1.1,,(1-6) 2.1,(1-6) 1.5,(1-6-3) 1.6,(1-6-3) 2.2,(1-6-3) 4.0,⑤
2021,48,1,06R,① 김민길,② 강지환,⑤ 정용진,(1) 1.8,,(1-2) 4.9,(1-2) 3.4,(1-2-5) 1.9,(1-2-5) 3.6,(1-2-5) 6.8,
2021,48,1,07R,④ 박원규,③ 김국흠,② 사재준,(4) 6.2,,(4-3) 16.8,(4-3) 6.0,(4-3-2) 6.4,(4-3-2) 25.0,(4-3-2) 42.8,
2021,48,1,08R,③ 박정아,④ 박준현,⑤ 박종덕,(3) 1.3,,(3-4) 2.2,(3-4) 1.6,(3-4-5) 1.9,(3-4-5) 2.3,(3-4-5) 3.5,⑥
2021,48,1,09R,① 김완석,③ 이경섭,② 김현철,(1) 1.1,,(1-3) 4.8,(1-3) 4.4,(1-3-2) 2.6,(1-3-2) 3.1,(1-3-2) 9.2,
2021,48,1,10R,③ 한성근,⑤ 장영태,② 서화모,(3) 2.1,,(3-5) 6.6,(3-5) 5.5,(3-5-2) 2.4,(3-5-2) 4.8,(3-5-2) 14.7,
2021,48,1,11R,① 이택근,④ 한 진,③ 최광성,(1) 1.7,,(1-4) 7.6,(1-4) 4.4,(1-4-3) 3.4,(1-4-3) 6.2,(1-4-3) 22.5,
2021,48,1,12R,③ 윤동오,⑥ 조현귀,④ 김지영,(3) 1.3,,(3-6) 9.5,(3-6) 7.7,(3-6-4) 17.9,(3-6-4) 21.5,(3-6-4) 49.9,
2021,48,1,13R,① 김지훈,⑥ 조성인,④ 김태용,(1) 2.7,,(1-6) 5.7,(1-6) 3.1,(1-6-4) 32.5,(1-6-4) 57.2,(1-6-4) 71.1,
2021,48,1,14R,③ 양원준,⑤ 정경호,④ 박상현,(3) 1.9,,(3-5) 4.9,(3-5) 4.1,(3-5-4) 13.9,(3-5-4) 17.1,(3-5-4) 29.0,
2021,48,1,15R,⑤ 홍진수,④ 박정아,② 류석현,(5) 65.3,,(5-4) 138.4,(5-4) 15.1,(5-4-2) 2.3,(5-4-2) 142.2,(5-4-2) 258.5,
2021,47,2,01R,② 권명호,③ 김태규,④ 이진우,(2) 1.1,,(2-3) 1.8,(2-3) 1.5,(2-3-4) 2.4,(2-3-4) 3.1,(2-3-4) 4.7,
2021,47,2,02R,② 민영건,① 송효범,④ 김동경,(2) 1.3,,(2-1) 5.4,(2-1) 3.1,(2-1-4) 4.4,(2-1-4) 7.4,(2-1-4) 14.2,
2021,47,2,03R,② 양원준,④ 김선웅,⑥ 오세준,(2) 1.4,,(2-4) 2.6,(2-4) 1.6,(2-4-6) 7.1,(2-4-6) 12.1,(2-4-6) 14.0,
2021,47,2,04R,④ 정경호,⑤ 황이태,① 홍기철,(4) 1.9,,(4-5) 3.2,(4-5) 2.4,(4-5-1) 1.7,(4-5-1) 2.6,(4-5-1) 5.4,
2021,47,2,05R,① 구현구,② 안지민,④ 한 운,(1) 2.3,,(1-2) 3.0,(1-2) 1.7,(1-2-4) 4.8,(1-2-4) 7.7,(1-2-4) 9.2,
2021,47,2,06R,④ 기광서,③ 홍진수,① 김강현,(4) 2.7,,(4-3) 23.9,(4-3) 13.3,(4-3-1) 5.4,(4-3-1) 16.2,(4-3-1) 87.8,
2021,47,2,07R,② 김태규,③ 김태영,⑤ 박민영,(2) 1.0,,(2-3) 1.6,(2-3) 1.2,(2-3-5) 3.0,(2-3-5) 3.6,(2-3-5) 4.5,①
2021,47,2,08R,① 이휘동,③ 권명호,② 손유정,(1) 1.3,,(1-3) 1.9,(1-3) 1.3,(1-3-2) 4.4,(1-3-2) 6.2,(1-3-2) 9.1,
2021,47,2,09R,① 전두식,③ 박민성,⑤ 오세준,(1) 1.4,,(1-3) 30.8,(1-3) 25.8,(1-3-5) 38.7,(1-3-5) 83.5,(1-3-5) 165.5,
2021,47,2,10R,③ 강영길,② 이주영,④ 하서우,(3) 3.0,,(3-2) 3.1,(3-2) 1.2,(3-2-4) 3.7,(3-2-4) 10.9,(3-2-4) 13.5,
2021,47,2,11R,④ 김민길,③ 이용세,⑤ 김영민,(4) 4.4,,(4-3) 41.5,(4-3) 12.7,(4-3-5) 24.2,(4-3-5) 104.2,(4-3-5) 187.5,
2021,47,2,12R,① 박정아,② 류석현,③ 이지수,(1) 2.9,,(1-2) 5.0,(1-2) 1.9,(1-2-3) 3.9,(1-2-3) 11.0,(1-2-3) 16.4,
2021,47,2,13R,⑤ 한 진,① 어선규,② 이태희,(5) 26.2,,(5-1) 81.8,(5-1) 13.7,(5-1-2) 8.3,(5-1-2) 170.5,(5-1-2) 196.6,
2021,47,2,14R,⑥ 김종민,① 조성인,③ 문주엽,(6) 16.6,,(6-1) 18.0,(6-1) 3.5,(6-1-3) 2.3,(6-1-3) 25.2,(6-1-3) 32.3,② ⑤
2021,47,2,15R,① 박준호,⑥ 이휘동,② 염윤정,(1) 2.9,,(1-6) 3.8,(1-6) 1.7,(1-6-2) 4.7,(1-6-2) 9.7,(1-6-2) 17.7,
2021,47,1,01R,② 김동민,① 박설희,③ 박준호,(2) 2.0,,(2-1) 3.4,(2-1) 1.5,(2-1-3) 1.4,(2-1-3) 3.3,(2-1-3) 4.9,
2021,47,1,02R,② 기광서,③ 양원준,⑤ 김동경,(2) 1.5,,(2-3) 3.7,(2-3) 1.9,(2-3-5) 4.5,(2-3-5) 8.4,(2-3-5) 10.5,
2021,47,1,03R,① 구남우,④ 안지민,③ 이주영,(1) 10.1,,(1-4) 22.0,(1-4) 6.8,(1-4-3) 3.0,(1-4-3) 15.5,(1-4-3) 53.2,
2021,47,1,04R,③ 김선웅,⑤ 김강현,⑥ 구현구,(3) 1.1,,(3-5) 3.3,(3-5) 2.5,(3-5-6) 2.7,(3-5-6) 3.4,(3-5-6) 6.8,
2021,47,1,05R,② 김태용,① 구본선,⑥ 전두식,(2) 2.1,,(2-1) 5.2,(2-1) 2.1,(2-1-6) 2.6,(2-1-6) 5.8,(2-1-6) 10.0,
2021,47,1,06R,② 황이태,④ 홍진수,⑤ 강영길,(2) 1.7,,(2-4) 24.0,(2-4) 17.7,(2-4-5) 13.5,(2-4-5) 13.9,(2-4-5) 63.9,
2021,47,1,07R,③ 정경호,① 김태영,⑤ 김기한,(3) 1.1,,(3-1) 6.1,(3-1) 4.1,(3-1-5) 5.1,(3-1-5) 5.6,(3-1-5) 11.6,
2021,47,1,08R,④ 김동민,⑥ 권명호,② 김동경,(4) 2.0,,(4-6) 3.9,(4-6) 2.7,(4-6-2) 3.0,(4-6-2) 4.9,(4-6-2) 8.8,
2021,47,1,09R,② 이휘동,③ 안지민,⑥ 양원준,(2) 2.4,,(2-3) 3.2,(2-3) 1.7,(2-3-6) 2.2,(2-3-6) 4.1,(2-3-6) 6.6,
2021,47,1,10R,① 조성인,⑤ 문안나,⑥ 김인혜,(1) 1.2,,(1-5) 18.8,(1-5) 19.4,(1-5-6) 41.9,(1-5-6) 64.7,(1-5-6) 102.2,
2021,47,1,11R,④ 배혜민,① 김종민,② 류석현,(4) 21.4,,(4-1) 43.3,(4-1) 5.8,(4-1-2) 2.7,(4-1-2) 66.5,(4-1-2) 70.6,
2021,47,1,12R,④ 김응선,③ 박정아,⑤ 이태희,(4) 1.4,,(4-3) 12.6,(4-3) 11.0,(4-3-5) 12.1,(4-3-5) 14.8,(4-3-5) 42.9,
2021,47,1,13R,④ 문주엽,② 심상철,① 어선규,(4) 13.6,,(4-2) 32.3,(4-2) 11.6,(4-2-1) 2.5,(4-2-1) 31.9,(4-2-1) 67.7,
2021,47,1,14R,① 민영건,⑥ 기광서,④ 김태용,(1) 2.2,,(1-6) 6.0,(1-6) 2.7,(1-6-4) 5.0,(1-6-4) 10.0,(1-6-4) 26.6,
2021,47,1,15R,② 강영길,⑤ 김선웅,③ 이응석,(2) 1.2,,(2-5) 2.0,(2-5) 1.5,(2-5-3) 1.8,(2-5-3) 2.1,(2-5-3) 3.6,
2021,46,2,01R,① 박준호,④ 조규태,⑤ 김국흠,(1) 2.6,,(1-4) 20.6,(1-4) 10.8,(1-4-5) 15.3,(1-4-5) 30.8,(1-4-5) 69.3,
2021,46,2,02R,② 어선규,④ 문주엽,① 윤영근,(2) 1.3,,(2-4) 2.2,(2-4) 1.5,(2-4-1) 1.9,(2-4-1) 3.3,(2-4-1) 5.8,
2021,46,2,03R,① 박원규,② 손근성,④ 정민수,(1) 1.1,,(1-2) 4.2,(1-2) 4.2,(1-2-4) 3.7,(1-2-4) 4.3,(1-2-4) 9.3,
2021,46,2,04R,③ 이지수,② 김종목,⑤ 김지현,(3) 2.1,,(3-2) 7.8,(3-2) 4.5,(3-2-5) 2.9,(3-2-5) 6.0,(3-2-5) 14.7,
2021,46,2,05R,③ 반혜진,① 심상철,⑥ 정세혁,(3) 11.6,,(3-1) 29.4,(3-1) 7.1,(3-1-6) 27.1,(3-1-6) 98.5,(3-1-6) 175.6,
2021,46,2,06R,① 최영재,③ 박종덕,② 조현귀,(1) 2.2,,(1-3) 4.0,(1-3) 2.1,(1-3-2) 2.8,(1-3-2) 5.7,(1-3-2) 9.8,
2021,46,2,07R,① 이주영,③ 우진수,② 김정구,(1) 1.6,,(1-3) 4.2,(1-3) 2.3,(1-3-2) 2.4,(1-3-2) 3.9,(1-3-2) 9.4,
2021,46,2,08R,② 한종석,⑤ 김승택,① 고정환,(2) 1.9,,(2-5) 10.1,(2-5) 6.1,(2-5-1) 5.9,(2-5-1) 15.4,(2-5-1) 46.7,
2021,46,2,09R,② 서 휘,① 윤동오,④ 김지훈,(2) 1.3,,(2-1) 4.5,(2-1) 2.5,(2-1-4) 2.8,(2-1-4) 4.2,(2-1-4) 10.4,
2021,46,2,10R,② 이승일,④ 김도휘,③ 김종목,(2) 1.4,,(2-4) 4.5,(2-4) 4.4,(2-4-3) 8.0,(2-4-3) 10.1,(2-4-3) 20.4,
2021,46,2,11R,① 강창효,⑤ 정훈민,② 류해광,(1) 1.4,,(1-5) 10.8,(1-5) 11.7,(1-5-2) 14.9,(1-5-2) 23.5,(1-5-2) 81.6,
2021,46,2,12R,① 황이태,④ 신현경,③ 박석문,(1) 2.7,,(1-4) 5.9,(1-4) 2.6,(1-4-3) 8.2,(1-4-3) 22.4,(1-4-3) 39.6,
2021,46,2,13R,④ 조성인,① 이 인,⑥ 심상철,(4) 2.3,,(4-1) 7.6,(4-1) 3.2,(4-1-6) 4.9,(4-1-6) 10.1,(4-1-6) 24.5,
2021,46,2,14R,③ 박준현,① 김보경,④ 이동준,(3) 1.6,,(3-1) 3.1,(3-1) 2.0,(3-1-4) 7.1,(3-1-4) 12.7,(3-1-4) 16.4,
2021,46,2,15R,① 이종인,② 정용진,④ 김승택,(1) 1.2,,(1-2) 7.6,(1-2) 5.0,(1-2-4) 6.7,(1-2-4) 10.0,(1-2-4) 25.0,
2021,46,1,01R,③ 고정환,① 정세혁,⑥ 정훈민,(3) 25.0,,(3-1) 37.4,(3-1) 6.7,(3-1-6) 51.1,(3-1-6) 282.9,(3-1-6) 418.1,
2021,46,1,02R,⑤ 우진수,⑥ 신현경,③ 장수영,(5) 11.6,,(5-6) 32.9,(5-6) 17.3,(5-6-3) 18.8,(5-6-3) 69.4,(5-6-3) 144.3,
2021,46,1,03R,① 정인교,② 이동준,③ 김효년,(1) 2.6,,(1-2) 4.9,(1-2) 2.3,(1-2-3) 2.6,(1-2-3) 6.2,(1-2-3) 11.7,
2021,46,1,04R,③ 서 휘,⑥ 반혜진,④ 이주영,(3) 1.9,,(3-6) 30.4,(3-6) 29.0,(3-6-4) 26.3,(3-6-4) 33.1,(3-6-4) 149.3,
2021,46,1,05R,⑤ 김현덕,③ 문주엽,④ 이미나,(5) 33.8,,(5-3) 84.1,(5-3) 11.7,(5-3-4) 6.6,(5-3-4) 140.3,(5-3-4) 172.3,
2021,46,1,06R,① 주은석,⑥ 이승일,② 문안나,(1) 1.3,,(1-6) 12.3,(1-6) 10.9,(1-6-2) 4.7,(1-6-2) 5.9,(1-6-2) 29.6,
2021,46,1,07R,② 김국흠,⑥ 강지환,① 정훈민,(2) 1.6,,(2-6) 34.7,(2-6) 28.3,(2-6-1) 80.1,(2-6-1) 156.1,(2-6-1) 399.8,
2021,46,1,08R,① 신현경,④ 어선규,③ 이택근,(1) 1.8,,(1-4) 4.2,(1-4) 2.3,(1-4-3) 10.4,(1-4-3) 17.6,(1-4-3) 30.6,
2021,46,1,09R,③ 김지현,① 서화모,⑤ 박원규,(3) 1.5,,(3-1) 6.6,(3-1) 4.0,(3-1-5) 2.4,(3-1-5) 5.0,(3-1-5) 13.2,
2021,46,1,10R,① 우진수,⑤ 박준현,③ 김지훈,(1) 1.6,,(1-5) 4.2,(1-5) 2.3,(1-5-3) 2.5,(1-5-3) 4.6,(1-5-3) 9.0,
2021,46,1,11R,① 최광성,④ 원용관,③ 김승택,(1) 1.8,,(1-4) 15.0,(1-4) 10.4,(1-4-3) 13.9,(1-4-3) 22.5,(1-4-3) 60.2,
2021,46,1,12R,③ 사재준,④ 서 휘,② 정주현,(3) 2.0,,(3-4) 4.6,(3-4) 2.7,(3-4-2) 3.8,(3-4-2) 8.6,(3-4-2) 17.5,
2021,46,1,13R,③ 이미나,⑥ 김정구,① 반혜진,(3) 3.1,,(3-6) 44.3,(3-6) 31.8,(3-6-1) 16.6,(3-6-1) 32.1,(3-6-1) 143.9,
2021,46,1,14R,③ 이승일,① 강지환,⑤ 조현귀,(3) 1.2,,(3-1) 3.0,(3-1) 2.0,(3-1-5) 2.1,(3-1-5) 2.9,(3-1-5) 5.6,
2021,46,1,15R,⑤ 주은석,② 박종덕,⑥ 이 인,(5) 1.3,,(5-2) 3.1,(5-2) 1.9,(5-2-6) 7.2,(5-2-6) 9.5,(5-2-6) 13.0,
2021,45,2,01R,② 김태규,③ 권현기,⑥ 이용세,(2) 1.3,,(2-3) 5.2,(2-3) 4.1,(2-3-6) 2.9,(2-3-6) 3.8,(2-3-6) 9.8,
2021,45,2,02R,① 손근성,⑥ 이휘동,② 김승택,(1) 1.6,,(1-6) 48.6,(1-6) 44.3,(1-6-2) 35.7,(1-6-2) 48.1,(1-6-2) 222.3,
2021,45,2,03R,③ 이택근,⑥ 박준현,① 김명진,(3) 2.7,,(3-6) 10.3,(3-6) 7.3,(3-6-1) 8.9,(3-6-1) 19.0,(3-6-1) 58.9,
2021,45,2,04R,④ 박종덕,① 홍기철,⑥ 김강현,(4) 4.1,,(4-1) 10.1,(4-1) 3.0,(4-1-6) 6.3,(4-1-6) 23.1,(4-1-6) 34.2,
2021,45,2,05R,② 김희용,③ 정세혁,⑤ 김동경,(2) 2.5,,(2-3) 9.5,(2-3) 5.2,(2-3-5) 10.1,(2-3-5) 20.8,(2-3-5) 25.2,
2021,45,2,06R,② 이지수,⑤ 김현철,④ 전정환,(2) 2.0,,(2-5) 7.8,(2-5) 5.3,(2-5-4) 5.3,(2-5-4) 7.2,(2-5-4) 23.2,
2021,45,2,07R,③ 류석현,⑤ 김정구,① 송효석,(3) 1.1,,(3-5) 3.0,(3-5) 2.6,(3-5-1) 2.0,(3-5-1) 2.5,(3-5-1) 5.9,
2021,45,2,08R,② 기광서,⑤ 정민수,① 조승민,(2) 3.2,,(2-5) 5.9,(2-5) 2.8,(2-5-1) 14.9,(2-5-1) 35.6,(2-5-1) 48.3,
2021,45,2,09R,③ 김동민,⑤ 최진혁,② 신현경,(3) 2.5,,(3-5) 59.0,(3-5) 55.2,(3-5-2) 12.3,(3-5-2) 37.1,(3-5-2) 176.1,
2021,45,2,10R,① 박준현,③ 이용세,⑥ 윤영일,(1) 2.1,,(1-3) 2.8,(1-3) 1.3,(1-3-6) 6.1,(1-3-6) 14.8,(1-3-6) 16.2,
2021,45,2,11R,③ 주은석,② 최광성,④ 손근성,(3) 6.1,,(3-2) 14.7,(3-2) 2.5,(3-2-4) 2.9,(3-2-4) 20.1,(3-2-4) 25.4,
2021,45,2,12R,④ 김종민,③ 박종덕,⑤ 손지영,(4) 1.9,,(4-3) 9.7,(4-3) 4.1,(4-3-5) 17.9,(4-3-5) 41.1,(4-3-5) 60.9,
2021,45,2,13R,① 한 진,⑤ 권명호,③ 이상문,(1) 1.1,,(1-5) 4.7,(1-5) 3.9,(1-5-3) 15.8,(1-5-3) 19.3,(1-5-3) 36.0,
2021,45,2,14R,③ 이태희,⑤ 박설희,⑥ 정세혁,(3) 1.1,,(3-5) 2.1,(3-5) 1.8,(3-5-6) 4.3,(3-5-6) 4.6,(3-5-6) 6.7,
2021,45,2,15R,⑥ 김지현,② 배혜민,④ 반혜진,(6) 2.3,,(6-2) 3.4,(6-2) 2.6,(6-2-4) 7.4,(6-2-4) 10.0,(6-2-4) 14.5,
2021,45,1,01R,① 김희용,③ 조승민,④ 최진혁,(1) 1.2,,(1-3) 6.3,(1-3) 4.7,(1-3-4) 5.1,(1-3-4) 7.2,(1-3-4) 13.8,
2021,45,1,02R,③ 최광성,⑤ 전정환,② 김종목,(3) 3.4,,(3-5) 12.7,(3-5) 10.9,(3-5-2) 20.0,(3-5-2) 34.2,(3-5-2) 97.2,
2021,45,1,03R,③ 서종원,① 권현기,② 이재학,(3) 26.7,,(3-1) 292.8,(3-1) 71.0,(3-1-2) 36.5,(3-1-2) 549.5,(3-1-2) 702.5,
2021,45,1,04R,① 김종민,⑥ 주은석,③ 박준현,(1) 1.3,,(1-6) 14.0,(1-6) 12.8,(1-6-3) 8.2,(1-6-3) 10.0,(1-6-3) 46.7,
2021,45,1,05R,② 민영건,① 박상현,⑤ 이미나,(2) 2.2,,(2-1) 5.2,(2-1) 1.9,(2-1-5) 3.2,(2-1-5) 8.7,(2-1-5) 13.2,
2021,45,1,06R,⑤ 배혜민,① 이경섭,③ 김명진,(5) 2.5,,(5-1) 5.1,(5-1) 2.0,(5-1-3) 3.0,(5-1-3) 13.5,(5-1-3) 16.2,
2021,45,1,07R,③ 정민수,⑤ 류석현,④ 홍기철,(3) 3.4,,(3-5) 6.8,(3-5) 2.9,(3-5-4) 5.1,(3-5-4) 12.1,(3-5-4) 14.1,
2021,45,1,08R,④ 김동경,⑤ 이택근,② 김민길,(4) 6.1,,(4-5) 25.4,(4-5) 14.8,(4-5-2) 4.2,(4-5-2) 21.9,(4-5-2) 61.8,
2021,45,1,09R,⑤ 김태규,③ 나종호,① 반혜진,(5) 3.3,,(5-3) 19.2,(5-3) 8.4,(5-3-1) 4.5,(5-3-1) 16.4,(5-3-1) 50.3,
2021,45,1,10R,① 이용세,⑥ 최광성,⑤ 기광서,(1) 1.7,,(1-6) 4.1,(1-6) 2.8,(1-6-5) 11.3,(1-6-5) 16.0,(1-6-5) 30.6,
2021,45,1,11R,④ 이태희,③ 김현철,① 주은석,(4) 4.0,,(4-3) 13.0,(4-3) 4.7,(4-3-1) 2.7,(4-3-1) 11.8,(4-3-1) 28.1,
2021,45,1,12R,① 김지현,⑤ 한 진,⑥ 김종민,(1) 1.4,,(1-5) 15.1,(1-5) 12.1,(1-5-6) 6.9,(1-5-6) 11.8,(1-5-6) 32.8,
2021,45,1,13R,① 서 휘,② 이진우,⑤ 김승택,(1) 1.3,,(1-2) 2.2,(1-2) 1.6,(1-2-5) 3.4,(1-2-5) 4.4,(1-2-5) 7.0,
2021,45,1,14R,① 이수빈,② 김인혜,⑥ 손근성,(1) 2.8,,(1-2) 8.9,(1-2) 5.2,(1-2-6) 11.3,(1-2-6) 32.0,(1-2-6) 45.7,
2021,45,1,15R,② 김영민,④ 권명호,① 이택근,(2) 1.5,,(2-4) 5.1,(2-4) 5.4,(2-4-1) 2.3,(2-4-1) 3.7,(2-4-1) 11.2,
2021,44,2,01R,③ 조규태,② 반혜진,⑥ 우진수,(3) 4.4,,(3-2) 8.7,(3-2) 2.2,(3-2-6) 4.8,(3-2-6) 22.4,(3-2-6) 30.1,
2021,44,2,02R,③ 양원준,② 조성인,⑥ 이종인,(3) 6.4,,(3-2) 11.3,(3-2) 1.9,(3-2-6) 15.7,(3-2-6) 87.5,(3-2-6) 111.5,
2021,44,2,03R,② 김인혜,① 윤상선,-,(2) 1.3,,(2-1) 27.4,(2-1) 23.6,([]-[]-[]) 1.0,([]-[]-[]) 1.0,([]-[]-[]) 1.0,
2021,44,2,04R,④ 문주엽,① 윤동오,③ 박정아,(4) 2.9,,(4-1) 28.4,(4-1) 22.0,(4-1-3) 5.2,(4-1-3) 17.7,(4-1-3) 71.3,
2021,44,2,05R,③ 홍기철,⑤ 어선규,④ 김응선,(3) 6.6,,(3-5) 16.2,(3-5) 9.2,(3-5-4) 10.0,(3-5-4) 25.5,(3-5-4) 86.0,
2021,44,2,06R,① 한종석,⑤ 김정구,③ 김민천,(1) 1.6,,(1-5) 5.0,(1-5) 2.8,(1-5-3) 1.6,(1-5-3) 2.5,(1-5-3) 10.4,
2021,44,2,07R,④ 오세준,⑤ 이용세,⑥ 이경섭,(4) 10.2,,(4-5) 16.3,(4-5) 8.2,(4-5-6) 11.9,(4-5-6) 37.4,(4-5-6) 48.1,
2021,44,2,08R,③ 김국흠,① 우진수,④ 이휘동,(3) 2.6,,(3-1) 6.6,(3-1) 2.8,(3-1-4) 9.2,(3-1-4) 23.4,(3-1-4) 32.9,
2021,44,2,09R,④ 주은석,① 안지민,② 구본선,(4) 2.2,,(4-1) 3.3,(4-1) 1.3,(4-1-2) 2.0,(4-1-2) 5.3,(4-1-2) 7.6,
2021,44,2,10R,① 이진우,② 최재원,⑥ 기광서,(1) 1.5,,(1-2) 4.9,(1-2) 3.9,(1-2-6) 10.7,(1-2-6) 13.5,(1-2-6) 22.0,
2021,44,2,11R,① 김승택,③ 이승일,② 이응석,(1) 2.1,,(1-3) 6.7,(1-3) 3.7,(1-3-2) 3.6,(1-3-2) 7.2,(1-3-2) 22.8,
2021,44,2,12R,④ 문안나,② 박정아,⑤ 강지환,(4) 6.6,,(4-2) 10.8,(4-2) 2.7,(4-2-5) 2.8,(4-2-5) 18.7,(4-2-5) 26.9,
2021,44,2,13R,④ 장영태,① 장수영,② 김보경,(4) 3.0,,(4-1) 4.6,(4-1) 1.9,(4-1-2) 2.7,(4-1-2) 6.5,(4-1-2) 11.8,
2021,44,2,14R,③ 오세준,⑥ 김태규,④ 김기한,(3) 1.6,,(3-6) 6.3,(3-6) 5.0,(3-6-4) 1.6,(3-6-4) 2.7,(3-6-4) 12.4,
2021,44,2,15R,④ 박준현,① 김정구,② 이경섭,(4) 7.1,,(4-1) 10.8,(4-1) 4.7,(4-1-2) 12.6,(4-1-2) 52.9,(4-1-2) 92.8,
2021,44,1,01R,⑥ 전정환,④ 조현귀,① 최재원,(6) 15.8,,(6-4) 53.7,(6-4) 17.1,(6-4-1) 11.1,(6-4-1) 55.1,(6-4-1) 137.7,
2021,44,1,02R,① 박준현,④ 김민천,⑤ 안지민,(1) 1.4,,(1-4) 5.7,(1-4) 4.1,(1-4-5) 3.0,(1-4-5) 5.0,(1-4-5) 10.1,
2021,44,1,03R,⑤ 장영태,⑥ 손동민,② 김종희,(5) 8.2,,(5-6) 19.8,(5-6) 12.8,(5-6-2) 4.7,(5-6-2) 16.1,(5-6-2) 46.6,
2021,44,1,04R,③ 박진서,① 정경호,④ 손유정,(3) 3.9,,(3-1) 5.1,(3-1) 1.6,(3-1-4) 7.4,(3-1-4) 21.8,(3-1-4) 26.3,②
2021,44,1,05R,③ 문주엽,⑤ 주은석,① 김도휘,(3) 1.4,,(3-5) 3.1,(3-5) 2.3,(3-5-1) 2.1,(3-5-1) 3.5,(3-5-1) 5.6,
2021,44,1,06R,① 길현태,② 이승일,③ 박민영,(1) 1.5,,(1-2) 3.4,(1-2) 2.3,(1-2-3) 12.5,(1-2-3) 23.9,(1-2-3) 27.0,
2021,44,1,07R,④ 홍기철,③ 이용세,① 이종인,(4) 9.8,,(4-3) 19.4,(4-3) 3.2,(4-3-1) 5.6,(4-3-1) 49.6,(4-3-1) 80.0,
2021,44,1,08R,② 김국흠,① 김경일,③ 손제민,(2) 1.7,,(2-1) 5.7,(2-1) 3.4,(2-1-3) 3.3,(2-1-3) 5.3,(2-1-3) 13.2,
2021,44,1,09R,① 임태경,④ 김인혜,③ 이경섭,(1) 5.1,,(1-4) 17.7,(1-4) 10.5,(1-4-3) 4.8,(1-4-3) 16.5,(1-4-3) 55.1,⑤
2021,44,1,10R,④ 양원준,③ 김응선,① 장영태,(4) 9.9,,(4-3) 28.3,(4-3) 9.2,(4-3-1) 2.4,(4-3-1) 17.7,(4-3-1) 42.2,
2021,44,1,11R,② 손동민,③ 안지민,⑤ 오세준,(2) 2.0,,(2-3) 2.7,(2-3) 1.3,(2-3-5) 2.7,(2-3-5) 4.7,(2-3-5) 6.2,
2021,44,1,12R,① 한성근,③ 문안나,⑤ 김민천,(1) 1.7,,(1-3) 10.1,(1-3) 7.2,(1-3-5) 4.3,(1-3-5) 8.3,(1-3-5) 14.9,④
2021,44,1,13R,② 주은석,⑥ 한종석,④ 반혜진,(2) 1.6,,(2-6) 10.6,(2-6) 9.1,(2-6-4) 5.2,(2-6-4) 6.6,(2-6-4) 27.4,
2021,44,1,14R,② 우진수,③ 어선규,① 박종덕,(2) 7.1,,(2-3) 12.8,(2-3) 3.8,(2-3-1) 13.5,(2-3-1) 60.8,(2-3-1) 72.2,
2021,44,1,15R,⑤ 조성인,① 기광서,③ 김대선,(5) 1.4,,(5-1) 2.2,(5-1) 1.8,(5-1-3) 3.4,(5-1-3) 4.7,(5-1-3) 6.5,
2021,43,2,01R,② 김효년,③ 손근성,⑤ 나병창,(2) 1.9,,(2-3) 3.3,(2-3) 1.7,(2-3-5) 3.1,(2-3-5) 6.1,(2-3-5) 7.5,
2021,43,2,02R,① 김현철,③ 신동길,④ 곽현성,(1) 1.2,,(1-3) 14.1,(1-3) 12.7,(1-3-4) 12.2,(1-3-4) 15.1,(1-3-4) 41.4,
2021,43,2,03R,① 이상문,② 이미나,④ 이동준,(1) 3.4,,(1-2) 8.0,(1-2) 2.6,(1-2-4) 1.7,(1-2-4) 7.9,(1-2-4) 11.3,
2021,43,2,04R,② 김완석,① 주은석,⑥ 정민수,(2) 1.3,,(2-1) 3.6,(2-1) 2.0,(2-1-6) 3.5,(2-1-6) 5.2,(2-1-6) 8.3,
2021,43,2,05R,① 이지수,② 정훈민,⑥ 김지영,(1) 1.4,,(1-2) 5.0,(1-2) 3.4,(1-2-6) 39.9,(1-2-6) 54.5,(1-2-6) 54.8,
2021,43,2,06R,③ 박원규,① 김승택,⑤ 나종호,(3) 2.2,,(3-1) 10.5,(3-1) 9.1,(3-1-5) 28.1,(3-1-5) 46.5,(3-1-5) 82.1,
2021,43,2,07R,① 김지훈,③ 김종민,② 손지영,(1) 2.4,,(1-3) 3.9,(1-3) 1.5,(1-3-2) 3.3,(1-3-2) 7.7,(1-3-2) 13.4,
2021,43,2,08R,③ 강영길,② 김동민,⑥ 김현덕,(3) 8.8,,(3-2) 22.3,(3-2) 3.5,(3-2-6) 8.7,(3-2-6) 83.2,(3-2-6) 110.3,
2021,43,2,09R,① 김종목,④ 류석현,⑥ 윤동오,(1) 4.2,,(1-4) 14.2,(1-4) 5.6,(1-4-6) 45.3,(1-4-6) 153.7,(1-4-6) 166.2,
2021,43,2,10R,⑤ 이재학,① 손동민,④ 김현철,(5) 12.7,,(5-1) 53.9,(5-1) 11.9,(5-1-4) 2.3,(5-1-4) 65.5,(5-1-4) 92.2,
2021,43,2,11R,① 이동준,⑤ 박상현,③ 오세준,(1) 1.4,,(1-5) 8.3,(1-5) 6.0,(1-5-3) 21.2,(1-5-3) 25.1,(1-5-3) 78.8,
2021,43,2,12R,① 신현경,⑤ 문안나,④ 송효석,(1) 3.3,,(1-5) 10.0,(1-5) 4.8,(1-5-4) 9.2,(1-5-4) 19.4,(1-5-4) 47.7,
2021,43,2,13R,④ 권현기,⑥ 서화모,③ 배혜민,(4) 25.9,,(4-6) 222.9,(4-6) 74.4,(4-6-3) 13.1,(4-6-3) 355.6,(4-6-3) 809.1,
2021,43,2,14R,⑥ 김계영,① 민영건,③ 권혁민,(6) 1.8,,(6-1) 5.9,(6-1) 3.5,(6-1-3) 7.1,(6-1-3) 11.8,(6-1-3) 29.0,
2021,43,2,15R,① 한준희,⑤ 서 휘,② 김종민,(1) 16.6,,(1-5) 101.2,(1-5) 78.0,(1-5-2) 7.0,(1-5-2) 102.4,(1-5-2) 432.0,
2021,43,1,01R,① 전두식,② 박준호,⑤ 김승택,(1) 1.2,,(1-2) 6.4,(1-2) 6.7,(1-2-5) 4.8,(1-2-5) 6.9,(1-2-5) 14.3,
2021,43,1,02R,② 신현경,③ 서 휘,① 정세혁,(2) 14.5,,(2-3) 29.9,(2-3) 9.9,(2-3-1) 2.6,(2-3-1) 24.2,(2-3-1) 74.2,⑤
2021,43,1,03R,⑥ 배혜민,③ 김재윤,① 송효석,(6) 5.9,,(6-3) 115.2,(6-3) 60.4,(6-3-1) 30.1,(6-3-1) 150.3,(6-3-1) 633.2,
2021,43,1,04R,③ 서화모,④ 정주현,① 윤동오,(3) 6.3,,(3-4) 14.6,(3-4) 7.9,(3-4-1) 4.5,(3-4-1) 19.3,(3-4-1) 48.2,
2021,43,1,05R,② 박원규,③ 이미나,⑥ 김동민,(2) 1.2,,(2-3) 1.9,(2-3) 1.7,(2-3-6) 2.7,(2-3-6) 3.1,(2-3-6) 4.9,
2021,43,1,06R,② 류석현,⑤ 김현철,① 문안나,(2) 1.7,,(2-5) 3.9,(2-5) 3.4,(2-5-1) 2.1,(2-5-1) 3.5,(2-5-1) 8.5,
2021,43,1,07R,② 손근성,④ 심상철,③ 김완석,(2) 2.5,,(2-4) 6.1,(2-4) 3.7,(2-4-3) 1.4,(2-4-3) 4.4,(2-4-3) 11.1,
2021,43,1,08R,① 김계영,② 강창효,⑥ 박설희,(1) 1.5,,(1-2) 6.0,(1-2) 4.8,(1-2-6) 3.6,(1-2-6) 6.2,(1-2-6) 16.4,
2021,43,1,09R,② 구현구,④ 서 휘,⑤ 주은석,(2) 1.4,,(2-4) 4.6,(2-4) 3.6,(2-4-5) 5.0,(2-4-5) 9.4,(2-4-5) 12.6,
2021,43,1,10R,① 정민수,⑥ 이동준,③ 민영건,(1) 1.8,,(1-6) 22.0,(1-6) 16.9,(1-6-3) 34.7,(1-6-3) 45.5,(1-6-3) 131.0,
2021,43,1,11R,① 배혜민,② 한성근,③ 김현덕,(1) 1.4,,(1-2) 3.1,(1-2) 1.9,(1-2-3) 2.4,(1-2-3) 4.2,(1-2-3) 6.2,
2021,43,1,12R,① 곽현성,③ 손동민,④ 김지훈,(1) 1.5,,(1-3) 3.6,(1-3) 2.7,(1-3-4) 2.0,(1-3-4) 3.3,(1-3-4) 6.4,
2021,43,1,13R,① 나종호,③ 김보경,⑥ 염윤정,(1) 1.3,,(1-3) 3.1,(1-3) 1.8,(1-3-6) 22.0,(1-3-6) 39.7,(1-3-6) 31.9,②
2021,43,1,14R,⑥ 문안나,⑤ 손근성,① 김동민,(6) 15.4,,(6-5) 35.9,(6-5) 9.1,(6-5-1) 2.4,(6-5-1) 24.4,(6-5-1) 60.1,
2021,43,1,15R,⑤ 박원규,⑥ 류석현,① 김세원,(5) 1.8,,(5-6) 2.3,(5-6) 1.6,(5-6-1) 1.9,(5-6-1) 2.6,(5-6-1) 4.6,
2021,42,2,01R,③ 류석현,⑥ 주은석,④ 최재원,(3) 1.2,,(3-6) 12.8,(3-6) 15.1,(3-6-4) 30.3,(3-6-4) 30.7,(3-6-4) 114.9,
2021,42,2,02R,④ 이택근,③ 반혜진,① 김인혜,(4) 9.8,,(4-3) 40.9,(4-3) 22.9,(4-3-1) 3.0,(4-3-1) 39.8,(4-3-1) 122.8,
2021,42,2,03R,② 최영재,① 김대선,④ 손근성,(2) 1.4,,(2-1) 3.1,(2-1) 1.6,(2-1-4) 2.2,(2-1-4) 3.6,(2-1-4) 6.4,
2021,42,2,04R,① 정용진,③ 전정환,④ 우진수,(1) 2.4,,(1-3) 9.0,(1-3) 6.1,(1-3-4) 15.6,(1-3-4) 27.1,(1-3-4) 42.8,
2021,42,2,05R,② 이지은,④ 권명호,① 김계영,(2) 2.9,,(2-4) 8.2,(2-4) 5.1,(2-4-1) 4.7,(2-4-1) 10.9,(2-4-1) 14.3,
2021,42,2,06R,① 전동욱,④ 서화모,② 김태규,(1) 1.8,,(1-4) 6.4,(1-4) 4.5,(1-4-2) 5.4,(1-4-2) 7.4,(1-4-2) 17.4,
2021,42,2,07R,③ 어선규,① 김국흠,④ 박준현,(3) 1.3,,(3-1) 2.2,(3-1) 1.4,(3-1-4) 2.1,(3-1-4) 2.8,(3-1-4) 4.9,
2021,42,2,08R,① 이수빈,⑥ 장영태,③ 김경일,(1) 6.5,,(1-6) 63.5,(1-6) 51.4,(1-6-3) 58.7,(1-6-3) 94.5,(1-6-3) 561.2,
2021,42,2,09R,④ 최광성,② 박진서,① 김종민,(4) 5.2,,(4-2) 20.9,(4-2) 22.9,(4-2-1) 2.2,(4-2-1) 10.9,(4-2-1) 48.6,
2021,42,2,10R,④ 박상현,⑥ 류석현,① 이진우,(4) 2.5,,(4-6) 8.3,(4-6) 5.2,(4-6-1) 5.3,(4-6-1) 12.9,(4-6-1) 38.3,
2021,42,2,11R,③ 조성인,④ 박정아,② 김명진,(3) 1.1,,(3-4) 2.8,(3-4) 3.0,(3-4-2) 5.6,(3-4-2) 7.3,(3-4-2) 13.2,
2021,42,2,12R,⑤ 박종덕,① 손근성,④ 김기한,(5) 4.4,,(5-1) 11.0,(5-1) 3.1,(5-1-4) 15.9,(5-1-4) 78.1,(5-1-4) 152.4,
2021,42,2,13R,③ 권명호,④ 안지민,② 이태희,(3) 5.6,,(3-4) 19.0,(3-4) 12.6,(3-4-2) 8.6,(3-4-2) 20.4,(3-4-2) 64.7,
2021,42,2,14R,⑤ 양원준,① 황만주,③ 전동욱,(5) 3.5,,(5-1) 17.7,(5-1) 14.1,(5-1-3) 2.2,(5-1-3) 6.2,(5-1-3) 29.7,
2021,42,2,15R,⑤ 김민길,② 김동경,③ 장영태,(5) 1.5,,(5-2) 2.8,(5-2) 1.7,(5-2-3) 3.9,(5-2-3) 6.2,(5-2-3) 8.6,
2021,42,1,01R,⑤ 이지은,② 조현귀,① 이휘동,(5) 12.9,,(5-2) 45.9,(5-2) 17.2,(5-2-1) 3.8,(5-2-1) 29.6,(5-2-1) 123.6,
2021,42,1,02R,④ 김민준,① 김영민,③ 최재원,(4) 2.5,,(4-1) 4.2,(4-1) 1.7,(4-1-3) 5.0,(4-1-3) 14.9,(4-1-3) 20.9,
2021,42,1,03R,⑤ 조성인,② 주은석,① 권명호,(5) 3.0,,(5-2) 10.4,(5-2) 8.2,(5-2-1) 2.1,(5-2-1) 5.7,(5-2-1) 22.8,
2021,42,1,04R,① 김민길,② 박상현,③ 이태희,(1) 1.3,,(1-2) 3.5,(1-2) 3.1,(1-2-3) 3.6,(1-2-3) 4.9,(1-2-3) 9.1,
2021,42,1,05R,③ 최광성,④ 어선규,② 안지민,(3) 3.0,,(3-4) 5.0,(3-4) 2.6,(3-4-2) 5.3,(3-4-2) 9.8,(3-4-2) 22.6,
2021,42,1,06R,① 류석현,② 최진혁,⑤ 우진수,(1) 1.1,,(1-2) 2.6,(1-2) 2.2,(1-2-5) 3.4,(1-2-5) 3.7,(1-2-5) 7.1,
2021,42,1,07R,② 양원준,③ 이응석,⑤ 김명진,(2) 2.7,,(2-3) 11.5,(2-3) 9.4,(2-3-5) 44.9,(2-3-5) 80.1,(2-3-5) 98.1,
2021,42,1,08R,③ 이경섭,⑤ 박정아,④ 박진서,(3) 1.5,,(3-5) 5.1,(3-5) 4.6,(3-5-4) 4.0,(3-5-4) 5.5,(3-5-4) 11.2,
2021,42,1,09R,① 이택근,④ 박종덕,③ 박준현,(1) 1.1,,(1-4) 2.6,(1-4) 2.1,(1-4-3) 2.2,(1-4-3) 3.0,(1-4-3) 6.6,②
2021,42,1,10R,② 장영태,③ 김희용,⑥ 이휘동,(2) 3.3,,(2-3) 20.2,(2-3) 14.2,(2-3-6) 59.7,(2-3-6) 74.0,(2-3-6) 110.8,
2021,42,1,11R,① 김동경,③ 정용진,⑥ 김국흠,(1) 1.5,,(1-3) 11.5,(1-3) 7.8,(1-3-6) 47.6,(1-3-6) 74.4,(1-3-6) 110.4,
2021,42,1,12R,① 김기한,④ 전정환,② 한종석,(1) 2.6,,(1-4) 17.6,(1-4) 15.1,(1-4-2) 3.8,(1-4-2) 8.8,(1-4-2) 78.6,
2021,42,1,13R,① 나종호,③ 박석문,② 이종인,(1) 3.3,,(1-3) 5.9,(1-3) 2.5,(1-3-2) 4.5,(1-3-2) 9.5,(1-3-2) 17.4,
2021,42,1,14R,⑤ 최광성,① 구남우,③ 정승호,(5) 1.3,,(5-1) 8.5,(5-1) 9.6,(5-1-3) 87.2,(5-1-3) 123.5,(5-1-3) 134.6,
2021,42,1,15R,② 한 운,① 박정아,⑥ 안지민,(2) 10.5,,(2-1) 28.7,(2-1) 5.0,(2-1-6) 14.9,(2-1-6) 170.7,(2-1-6) 151.9,
2021,41,2,01R,① 김창규,⑤ 양원준,⑥ 사재준,(1) 1.0,,(1-5) 1.8,(1-5) 1.8,(1-5-6) 6.3,(1-5-6) 7.6,(1-5-6) 7.7,
2021,41,2,02R,⑥ 길현태,① 김민길,⑤ 김종목,(6) 22.2,,(6-1) 68.3,(6-1) 13.2,(6-1-5) 13.3,(6-1-5) 316.9,(6-1-5) 294.4,
2021,41,2,03R,② 이휘동,⑥ 박정아,④ 한성근,(2) 1.5,,(2-6) 19.9,(2-6) 15.9,(2-6-4) 4.9,(2-6-4) 6.7,(2-6-4) 47.6,
2021,41,2,04R,② 이용세,③ 손동민,① 홍기철,(2) 2.8,,(2-3) 5.0,(2-3) 2.8,(2-3-1) 2.5,(2-3-1) 7.2,(2-3-1) 13.2,
2021,41,2,05R,④ 김현덕,② 김정구,① 김민천,(4) 13.0,,(4-2) 120.7,(4-2) 58.2,(4-2-1) 9.8,(4-2-1) 102.5,(4-2-1) 417.1,
2021,41,2,06R,② 김민준,① 황이태,③ 김선웅,(2) 1.6,,(2-1) 3.6,(2-1) 2.4,(2-1-3) 2.8,(2-1-3) 4.6,(2-1-3) 8.7,
2021,41,2,07R,① 정민수,② 배혜민,③ 박설희,(1) 1.3,,(1-2) 3.5,(1-2) 3.0,(1-2-3) 3.5,(1-2-3) 4.4,(1-2-3) 7.6,
2021,41,2,08R,① 양원준,④ 조성인,③ 민영건,(1) 4.0,,(1-4) 6.0,(1-4) 2.1,(1-4-3) 3.9,(1-4-3) 11.6,(1-4-3) 15.2,
2021,41,2,09R,④ 정인교,① 정경호,⑥ 이진우,(4) 9.3,,(4-1) 16.7,(4-1) 3.4,(4-1-6) 3.2,(4-1-6) 30.6,(4-1-6) 41.3,
2021,41,2,10R,④ 장수영,② 문주엽,⑤ 문안나,(4) 9.5,,(4-2) 34.3,(4-2) 9.2,(4-2-5) 14.7,(4-2-5) 66.6,(4-2-5) 124.0,
2021,41,2,11R,② 윤영근,⑥ 한성근,⑤ 임태경,(2) 6.5,,(2-6) 23.7,(2-6) 19.3,(2-6-5) 95.9,(2-6-5) 333.5,(2-6-5) 528.9,
2021,41,2,12R,② 서 휘,⑥ 김현철,⑤ 구현구,(2) 1.4,,(2-6) 13.8,(2-6) 13.1,(2-6-5) 26.8,(2-6-5) 45.5,(2-6-5) 125.4,
2021,41,2,13R,④ 김응선,① 박진서,⑥ 김승택,(4) 2.1,,(4-1) 3.1,(4-1) 1.0,(4-1-6) 6.3,(4-1-6) 14.2,(4-1-6) 23.4,⑤
2021,41,2,14R,③ 윤동오,① 김국흠,⑤ 김성찬,(3) 1.5,,(3-1) 2.3,(3-1) 1.3,(3-1-5) 3.2,(3-1-5) 5.6,(3-1-5) 6.4,
2021,41,2,15R,④ 이지수,① 이상문,② 김선웅,(4) 2.1,,(4-1) 5.8,(4-1) 2.3,(4-1-2) 1.9,(4-1-2) 6.6,(4-1-2) 8.8,
2021,41,1,01R,③ 윤영근,⑤ 민영건,① 조규태,(3) 3.9,,(3-5) 10.5,(3-5) 7.9,(3-5-1) 2.5,(3-5-1) 8.6,(3-5-1) 23.0,
2021,41,1,02R,② 이진우,① 홍진수,③ 이용세,(2) 1.2,,(2-1) 9.4,(2-1) 9.6,(2-1-3) 5.4,(2-1-3) 8.3,(2-1-3) 20.5,
2021,41,1,03R,③ 박진서,① 박정아,④ 김종목,(3) 2.1,,(3-1) 4.6,(3-1) 1.8,(3-1-4) 6.7,(3-1-4) 13.8,(3-1-4) 20.7,
2021,41,1,04R,③ 이휘동,⑥ 김민길,④ 임태경,(3) 2.3,,(3-6) 5.2,(3-6) 3.3,(3-6-4) 13.4,(3-6-4) 22.6,(3-6-4) 33.5,
2021,41,1,05R,① 조성인,② 문안나,③ 송효석,(1) 1.3,,(1-2) 3.9,(1-2) 3.7,(1-2-3) 2.8,(1-2-3) 3.7,(1-2-3) 8.4,
2021,41,1,06R,② 김인혜,① 최진혁,⑥ 홍기철,(2) 1.3,,(2-1) 4.4,(2-1) 2.9,(2-1-6) 6.8,(2-1-6) 10.6,(2-1-6) 19.3,
2021,41,1,07R,① 김응선,⑤ 박설희,⑥ 서 휘,(1) 1.1,,(1-5) 4.5,(1-5) 4.1,(1-5-6) 10.3,(1-5-6) 12.3,(1-5-6) 18.8,
2021,41,1,08R,⑤ 문주엽,⑥ 김창규,① 이지은,(5) 5.3,,(5-6) 14.1,(5-6) 8.6,(5-6-1) 16.3,(5-6-1) 42.4,(5-6-1) 69.1,
2021,41,1,09R,② 우진수,③ 배혜민,⑤ 정경호,(2) 2.1,,(2-3) 5.2,(2-3) 3.8,(2-3-5) 4.5,(2-3-5) 6.7,(2-3-5) 8.7,
2021,41,1,10R,① 김동민,⑤ 이상문,② 강지환,(1) 1.7,,(1-5) 23.4,(1-5) 20.4,(1-5-2) 9.5,(1-5-2) 16.8,(1-5-2) 90.4,
2021,41,1,11R,① 이재학,④ 이용세,⑤ 박진서,(1) 2.5,,(1-4) 6.3,(1-4) 4.6,(1-4-5) 2.8,(1-4-5) 5.9,(1-4-5) 9.8,
2021,41,1,12R,② 한성근,③ 김지영,⑤ 정인교,(2) 1.2,,(2-3) 4.0,(2-3) 3.6,(2-3-5) 7.7,(2-3-5) 8.2,(2-3-5) 11.8,
2021,41,1,13R,③ 김종목,⑥ 조성인,⑤ 김선웅,(3) 2.4,,(3-6) 6.3,(3-6) 4.0,(3-6-5) 3.8,(3-6-5) 7.1,(3-6-5) 11.2,
2021,41,1,14R,② 김현철,⑤ 한준희,④ 이휘동,(2) 4.6,,(2-5) 27.5,(2-5) 22.5,(2-5-4) 4.2,(2-5-4) 18.3,(2-5-4) 83.6,
2021,41,1,15R,① 김보경,② 장수영,③ 정용진,(1) 1.4,,(1-2) 2.8,(1-2) 2.1,(1-2-3) 11.7,(1-2-3) 16.2,(1-2-3) 19.3,
2021,40,2,01R,⑥ 박원규,⑤ 권명호,③ 기광서,(6) 9.7,,(6-5) 60.1,(6-5) 37.4,(6-5-3) 41.2,(6-5-3) 196.4,(6-5-3) 300.5,②
2021,40,2,02R,① 신동길,② 한 진,④ 한종석,(1) 2.6,,(1-2) 4.0,(1-2) 1.4,(1-2-4) 1.7,(1-2-4) 6.3,(1-2-4) 8.1,
2021,40,2,03R,③ 김종민,④ 류석현,① 신현경,(3) 1.4,,(3-4) 2.8,(3-4) 2.1,(3-4-1) 2.9,(3-4-1) 3.9,(3-4-1) 6.7,
2021,40,2,04R,① 이승일,④ 이 인,⑥ 이미나,(1) 1.3,,(1-4) 7.4,(1-4) 9.2,(1-4-6) 16.4,(1-4-6) 16.0,(1-4-6) 34.8,
2021,40,2,05R,① 손지영,③ 이동준,④ 곽현성,(1) 2.1,,(1-3) 5.9,(1-3) 5.1,(1-3-4) 1.5,(1-3-4) 3.4,(1-3-4) 8.1,
2021,40,2,06R,③ 박석문,② 김보경,⑤ 홍기철,(3) 1.9,,(3-2) 12.0,(3-2) 7.5,(3-2-5) 26.6,(3-2-5) 54.2,(3-2-5) 116.8,
2021,40,2,07R,① 배혜민,③ 김민길,② 김대선,(1) 1.7,,(1-3) 3.3,(1-3) 1.4,(1-3-2) 2.7,(1-3-2) 4.6,(1-3-2) 7.9,
2021,40,2,08R,② 정주현,③ 김동경,⑤ 정훈민,(2) 1.4,,(2-3) 3.5,(2-3) 2.6,(2-3-5) 5.0,(2-3-5) 7.4,(2-3-5) 10.2,
2021,40,2,09R,② 김영민,④ 심상철,⑤ 박준현,(2) 8.0,,(2-4) 17.8,(2-4) 5.3,(2-4-5) 8.3,(2-4-5) 36.8,(2-4-5) 46.4,
2021,40,2,10R,② 조현귀,③ 권명호,⑤ 류석현,(2) 1.5,,(2-3) 9.0,(2-3) 6.8,(2-3-5) 4.6,(2-3-5) 6.4,(2-3-5) 14.2,
2021,40,2,11R,④ 윤영일,⑤ 장영태,⑥ 김지영,(4) 19.9,,(4-5) 103.5,(4-5) 38.8,(4-5-6) 88.4,(4-5-6) 317.8,(4-5-6) 351.4,
2021,40,2,12R,② 김종민,③ 이태희,⑤ 박종덕,(2) 1.1,,(2-3) 1.4,(2-3) 1.3,(2-3-5) 3.0,(2-3-5) 4.1,(2-3-5) 5.2,
2021,40,2,13R,⑥ 김지훈,① 이미나,⑤ 원용관,(6) 16.0,,(6-1) 17.4,(6-1) 3.4,(6-1-5) 4.7,(6-1-5) 40.3,(6-1-5) 79.7,
2021,40,2,14R,④ 전동욱,⑤ 최재원,② 박석문,(4) 1.6,,(4-5) 24.2,(4-5) 24.9,(4-5-2) 6.4,(4-5-2) 12.2,(4-5-2) 48.9,
2021,40,2,15R,⑤ 김보경,⑥ 반혜진,③ 김대선,(5) 2.8,,(5-6) 5.4,(5-6) 1.9,(5-6-3) 2.2,(5-6-3) 11.5,(5-6-3) 13.4,
2021,40,1,01R,② 김지현,⑥ 김영민,① 윤영일,(2) 2.1,,(2-6) 13.4,(2-6) 11.1,(2-6-1) 7.3,(2-6-1) 12.3,(2-6-1) 33.4,
2021,40,1,02R,③ 손근성,⑤ 이태희,④ 박준호,(3) 1.5,,(3-5) 4.4,(3-5) 2.6,(3-5-4) 4.5,(3-5-4) 7.8,(3-5-4) 15.8,
2021,40,1,03R,① 곽현성,② 최진혁,③ 정훈민,(1) 1.0,,(1-2) 3.8,(1-2) 2.7,(1-2-3) 3.2,(1-2-3) 4.4,(1-2-3) 9.4,
2021,40,1,04R,⑤ 김종민,① 김계영,③ 원용관,(5) 3.5,,(5-1) 4.8,(5-1) 2.3,(5-1-3) 5.4,(5-1-3) 9.6,(5-1-3) 12.8,
2021,40,1,05R,① 류석현,② 서화모,④ 김태영,(1) 1.0,,(1-2) 5.0,(1-2) 4.0,(1-2-4) 18.6,(1-2-4) 24.0,(1-2-4) 35.2,
2021,40,1,06R,③ 심상철,① 반혜진,② 김지훈,(3) 1.9,,(3-1) 3.4,(3-1) 1.6,(3-1-2) 3.2,(3-1-2) 6.5,(3-1-2) 9.1,
2021,40,1,07R,① 한 진,② 전동욱,④ 정주현,(1) 1.4,,(1-2) 6.5,(1-2) 5.1,(1-2-4) 7.6,(1-2-4) 11.1,(1-2-4) 16.5,
2021,40,1,08R,① 김명진,③ 박종덕,② 고정환,(1) 3.5,,(1-3) 7.1,(1-3) 2.5,(1-3-2) 8.5,(1-3-2) 17.2,(1-3-2) 34.2,
2021,40,1,09R,② 권명호,① 최광성,④ 김민길,(2) 9.4,,(2-1) 15.7,(2-1) 4.0,(2-1-4) 1.4,(2-1-4) 14.7,(2-1-4) 24.1,
2021,40,1,10R,① 이태희,⑥ 곽현성,② 최재원,(1) 1.0,,(1-6) 3.6,(1-6) 2.8,(1-6-2) 2.8,(1-6-2) 3.5,(1-6-2) 7.9,
2021,40,1,11R,① 최영재,⑤ 이동준,⑥ 원용관,(1) 1.1,,(1-5) 3.0,(1-5) 2.7,(1-5-6) 4.7,(1-5-6) 5.8,(1-5-6) 8.2,
2021,40,1,12R,③ 박준현,④ 신동길,⑤ 나병창,(3) 2.3,,(3-4) 13.8,(3-4) 10.8,(3-4-5) 16.8,(3-4-5) 15.8,(3-4-5) 37.4,
2021,40,1,13R,③ 정세혁,② 김동경,⑤ 황만주,(3) 1.6,,(3-2) 6.7,(3-2) 3.2,(3-2-5) 9.1,(3-2-5) 24.1,(3-2-5) 37.9,
2021,40,1,14R,③ 조현귀,⑥ 신현경,⑤ 어선규,(3) 1.3,,(3-6) 4.4,(3-6) 4.4,(3-6-5) 1.3,(3-6-5) 1.8,(3-6-5) 7.1,
2021,40,1,15R,⑥ 한 진,③ 한종석,② 길현태,(6) 2.8,,(6-3) 23.4,(6-3) 13.9,(6-3-2) 2.3,(6-3-2) 8.2,(6-3-2) 36.8,
2021,39,2,01R,① 김기한,② 김도휘,③ 우진수,(1) 3.3,,(1-2) 9.0,,(1-2-3) 4.9,(1-2-3) 12.3,,완료
2021,39,2,02R,① 민영건,④ 한 진,⑥ 나종호,(1) 1.2,,(1-4) 2.5,,(1-4-6) 14.3,(1-4-6) 21.1,,완료
2021,39,2,03R,② 김응선,⑥ 이택근,④ 박진서,(2) 1.1,,(2-6) 4.0,,(2-6-4) 11.9,(2-6-4) 12.4,,완료
2021,39,2,04R,③ 김완석,① 김현덕,⑤ 김창규,(3) 1.3,,(3-1) 6.6,,(3-1-5) 11.2,(3-1-5) 19.8,,완료
2021,39,2,05R,② 김동민,① 기광서,③ 윤영일,(2) 3.4,,(2-1) 5.5,,(2-1-3) 1.8,(2-1-3) 7.7,,완료
2021,39,2,06R,② 박정아,① 김태용,③ 임태경,(2) 2.8,,(2-1) 4.0,,(2-1-3) 6.4,(2-1-3) 13.0,,완료
2021,39,2,07R,② 강영길,③ 한종석,⑤ 문성현,(2) 4.4,,(2-3) 6.8,,(2-3-5) 16.7,(2-3-5) 34.3,,완료
2021,39,2,08R,② 김세원,⑥ 이상문,① 우진수,(2) 9.7,,(2-6) 143.6,,(2-6-1) 20.9,(2-6-1) 100.5,,완료
2021,39,2,09R,① 문안나,④ 이재학,② 전정환,(1) 1.3,,(1-4) 5.0,,(1-4-2) 5.0,(1-4-2) 6.5,,완료
2021,39,2,10R,① 조성인,④ 이택근,⑥ 이용세,(1) 1.2,,(1-4) 3.4,,(1-4-6) 3.3,(1-4-6) 4.0,,완료
2021,39,2,11R,③ 김인혜,⑥ 김선웅,② 정경호,(3) 1.5,,(3-6) 6.5,,(3-6-2) 9.1,(3-6-2) 12.9,,완료
2021,39,2,12R,③ 한성근,① 손지영,② 반혜진,(3) 3.1,,(3-1) 5.8,,(3-1-2) 1.9,(3-1-2) 7.9,,완료
2021,39,2,13R,① 김완석,④ 박정아,③ 장수영,(1) 1.3,,(1-4) 4.7,,(1-4-3) 9.1,(1-4-3) 12.3,,완료
2021,39,2,14R,④ 박설희,② 양원준,⑤ 조규태,(4) 2.4,,(4-2) 4.5,,(4-2-5) 2.6,(4-2-5) 6.3,,완료
2021,39,2,15R,① 문주엽,② 김종목,⑤ 김응선,(1) 1.7,,(1-2) 6.7,,(1-2-5) 2.5,(1-2-5) 3.5,,완료
2021,39,1,01R,② 이택근,③ 기광서,① 장수영,(2) 2.1,,(2-3) 8.3,,(2-3-1) 5.5,(2-3-1) 12.8,,완료
2021,39,1,02R,① 문성현,③ 김태용,⑤ 김기한,(1) 12.2,,(1-3) 55.6,,(1-3-5) 77.6,(1-3-5) 371.3,,완료
2021,39,1,03R,⑤ 조성인,② 구남우,③ 권현기,(5) 4.4,,(5-2) 26.8,,(5-2-3) 33.8,(5-2-3) 95.0,,완료
2021,39,1,04R,① 한종석,② 염윤정,⑤ 양원준,(1) 1.3,,(1-2) 6.3,,(1-2-5) 12.0,(1-2-5) 15.5,,완료
2021,39,1,05R,② 이용세,③ 한 진,④ 윤영일,(2) 1.0,,(2-3) 1.6,,(2-3-4) 2.2,(2-3-4) 2.8,①,완료
2021,39,1,06R,① 사재준,⑥ 한성근,⑤ 강영길,(1) 4.5,,(1-6) 13.7,,(1-6-5) 16.2,(1-6-5) 39.8,,완료
2021,39,1,07R,③ 조규태,① 정용진,⑤ 박정아,(3) 5.5,,(3-1) 7.2,,(3-1-5) 2.6,(3-1-5) 9.0,,완료
2021,39,1,08R,② 송효석,④ 김도휘,③ 박설희,(2) 2.2,,(2-4) 10.3,,(2-4-3) 4.1,(2-4-3) 7.5,,완료
2021,39,1,09R,① 김인혜,③ 이진우,② 김성찬,(1) 1.3,,(1-3) 3.3,,(1-3-2) 5.2,(1-3-2) 6.9,,완료
2021,39,1,10R,⑤ 김완석,④ 문주엽,⑥ 오세준,(5) 5.3,,(5-4) 7.5,,(5-4-6) 6.8,(5-4-6) 17.2,,완료
2021,39,1,11R,① 김종희,④ 김창규,③ 윤동오,(1) 1.9,,(1-4) 5.9,,(1-4-3) 8.1,(1-4-3) 14.3,,완료
2021,39,1,12R,③ 조성인,④ 김응선,① 구현구,(3) 2.5,,(3-4) 7.6,,(3-4-1) 2.6,(3-4-1) 7.6,,완료
2021,39,1,13R,① 손동민,⑤ 이용세,② 이상문,(1) 2.9,,(1-5) 9.4,,(1-5-2) 15.8,(1-5-2) 23.8,,완료
2021,39,1,14R,① 김선웅,⑤ 정용진,② 전동욱,(1) 9.5,,(1-5) 34.9,,(1-5-2) 7.7,(1-5-2) 21.6,,완료
2021,39,1,15R,⑤ 이수빈,⑥ 김태용,④ 한준희,(5) 3.6,,(5-6) 11.1,,(5-6-4) 4.8,(5-6-4) 15.4,,완료
2021,38,2,01R,④ 이상문,① 이경섭,② 김대선,(4) 3.5,,(4-1) 5.2,,(4-1-2) 2.6,(4-1-2) 10.6,⑥,완료
2021,38,2,02R,② 최광성,④ 한종석,③ 김명진,(2) 2.8,,(2-4) 7.8,,(2-4-3) 23.2,(2-4-3) 45.0,,완료
2021,38,2,03R,② 김지현,④ 이태희,① 김동경,(2) 2.1,,(2-4) 16.1,,(2-4-1) 8.5,(2-4-1) 17.5,,완료
2021,38,2,04R,④ 정민수,③ 권명호,⑤ 김계영,(4) 2.0,,(4-3) 8.5,,(4-3-5) 7.7,(4-3-5) 12.4,,완료
2021,38,2,05R,③ 김영민,① 이지수,⑤ 김인혜,(3) 6.7,,(3-1) 16.0,,(3-1-5) 7.3,(3-1-5) 27.4,,완료
2021,38,2,06R,① 민영건,③ 강지환,⑤ 서 휘,(1) 1.8,,(1-3) 4.6,,(1-3-5) 1.9,(1-3-5) 3.6,,완료
2021,38,2,07R,① 이상문,② 전두식,⑤ 박석문,(1) 2.4,,(1-2) 13.0,,(1-2-5) 16.5,(1-2-5) 28.3,,완료
2021,38,2,08R,① 손제민,⑤ 길현태,④ 조승민,(1) 1.6,,(1-5) 4.6,,(1-5-4) 10.5,(1-5-4) 14.0,,완료
2021,38,2,09R,① 박준현,⑤ 이경섭,④ 최진혁,(1) 2.3,,(1-5) 12.2,,(1-5-4) 41.9,(1-5-4) 64.1,,완료
2021,38,2,10R,① 최광성,② 김태규,④ 박원규,(1) 2.7,,(1-2) 6.7,,(1-2-4) 5.8,(1-2-4) 12.1,,완료
2021,38,2,11R,① 조현귀,② 최영재,⑥ 이태희,(1) 6.8,,(1-2) 11.0,,(1-2-6) 7.9,(1-2-6) 31.1,,완료
2021,38,2,12R,① 한성근,④ 김현철,③ 이용세,(1) 1.6,,(1-4) 8.4,,(1-4-3) 6.3,(1-4-3) 10.8,,완료
2021,38,2,13R,② 김종민,① 조성인,⑥ 어선규,(2) 3.8,,(2-1) 4.6,,(2-1-6) 12.5,(2-1-6) 33.9,,완료
2021,38,2,14R,④ 김국흠,① 임지훈,⑥ 권명호,(4) 1.5,,(4-1) 4.8,,(4-1-6) 6.9,(4-1-6) 10.8,,완료
2021,38,2,15R,④ 배혜민,⑤ 전두식,⑥ 송효범,(4) 2.8,,(4-5) 30.2,,(4-5-6) 33.3,(4-5-6) 42.6,,완료
2021,38,1,01R,① 김태규,④ 김동경,⑤ 신동길,(1) 1.8,,(1-4) 4.1,,(1-4-5) 6.4,(1-4-5) 11.5,,완료
2021,38,1,02R,② 정민수,④ 이지수,⑥ 박원규,(2) 1.5,,(2-4) 4.3,,(2-4-6) 3.1,(2-4-6) 4.7,,완료
2021,38,1,03R,① 권명호,⑥ 황이태,② 기광서,(1) 3.2,,(1-6) 32.1,,(1-6-2) 11.1,(1-6-2) 29.1,,완료
2021,38,1,04R,③ 한종석,② 손지영,① 김인혜,(3) 4.8,,(3-2) 15.5,,(3-2-1) 2.3,(3-2-1) 11.3,,완료
2021,38,1,05R,⑥ 장영태,⑤ 최광성,④ 김영민,(6) 7.8,,(6-5) 86.0,,(6-5-4) 11.1,(6-5-4) 64.6,,완료
2021,38,1,06R,① 김완석,④ 최영재,② 안지민,(1) 1.2,,(1-4) 3.0,,(1-4-2) 2.0,(1-4-2) 2.7,,완료
2021,38,1,07R,① 길현태,② 손동민,⑥ 김지현,(1) 3.4,,(1-2) 4.6,,(1-2-6) 5.9,(1-2-6) 16.6,,완료
2021,38,1,08R,② 박원규,④ 강지환,⑥ 이경섭,(2) 1.3,,(2-4) 5.1,,(2-4-6) 7.1,(2-4-6) 9.4,,완료
2021,38,1,09R,① 박석문,⑤ 정민수,② 송효범,(1) 1.6,,(1-5) 4.1,,(1-5-2) 14.1,(1-5-2) 17.4,,완료
2021,38,1,10R,① 김지영,④ 정세혁,⑤ 손제민,(1) 5.3,,(1-4) 55.4,,(1-4-5) 27.4,(1-4-5) 81.4,,완료
2021,38,1,11R,④ 민영건,② 나종호,⑥ 박준호,(4) 4.3,,(4-2) 10.6,,(4-2-6) 30.5,(4-2-6) 72.6,,완료
2021,38,1,12R,① 김종민,④ 박정아,② 김민길,(1) 1.3,,(1-4) 11.2,,(1-4-2) 5.3,(1-4-2) 5.5,,완료
2021,38,1,13R,① 조성인,③ 김민준,② 어선규,(1) 1.6,,(1-3) 6.2,,(1-3-2) 3.8,(1-3-2) 5.6,,완료
2021,38,1,14R,⑤ 손동민,① 서 휘,⑥ 한유형,(5) 4.5,,(5-1) 5.9,,(5-1-6) 6.4,(5-1-6) 28.3,,완료
2021,38,1,15R,② 조승민,③ 최영재,⑤ 손지영,(2) 24.4,,(2-3) 40.9,,(2-3-5) 4.6,(2-3-5) 59.5,,완료
2021,37,2,01R,① 이지은,④ 강영길,② 이동준,(1) 18.9,,(1-4) 85.1,,(1-4-2) 44.0,(1-4-2) 157.7,,완료
2021,37,2,02R,① 박진서,⑥ 김도휘,② 정승호,(1) 1.4,,(1-6) 10.6,,(1-6-2) 25.1,(1-6-2) 30.9,,완료
2021,37,2,03R,③ 윤동오,⑤ 이진우,④ 류해광,(3) 1.4,,(3-5) 3.2,,(3-5-4) 1.7,(3-5-4) 2.5,①,완료
2021,37,2,04R,② 이지수,① 김종목,④ 김민준,(2) 2.3,,(2-1) 9.7,,(2-1-4) 3.2,(2-1-4) 7.3,,완료
2021,37,2,05R,① 김동민,⑥ 김희용,④ 권명호,(1) 1.2,,(1-6) 5.6,,(1-6-4) 3.2,(1-6-4) 4.4,,완료
2021,37,2,06R,③ 김창규,⑥ 나병창,⑤ 이창규,(3) 1.4,,(3-6) 6.4,,(3-6-5) 3.4,(3-6-5) 4.6,,완료
2021,37,2,07R,② 오세준,⑤ 반혜진,③ 신동길,(2) 3.2,,(2-5) 14.2,,(2-5-3) 20.0,(2-5-3) 36.5,,완료
2021,37,2,08R,④ 문안나,② 손제민,① 권혁민,(4) 13.5,,(4-2) 18.5,,(4-2-1) 11.0,(4-2-1) 100.0,,완료
2021,37,2,09R,① 박설희,② 정경호,⑥ 양원준,(1) 1.7,,(1-2) 3.2,,(1-2-6) 6.2,(1-2-6) 11.8,,완료
2021,37,2,10R,③ 김도휘,① 박원규,④ 김승택,(3) 4.2,,(3-1) 7.1,,(3-1-4) 4.0,(3-1-4) 17.8,,완료
2021,37,2,11R,① 신현경,③ 문주엽,⑥ 이택근,(1) 2.5,,(1-3) 6.0,,(1-3-6) 12.1,(1-3-6) 30.7,,완료
2021,37,2,12R,① 김성찬,④ 전동욱,⑤ 이지수,(1) 3.4,,(1-4) 20.0,,(1-4-5) 10.9,(1-4-5) 30.2,,완료
2021,37,2,13R,① 김선웅,④ 구남우,⑥ 김동민,(1) 1.6,,(1-4) 9.8,,(1-4-6) 9.4,(1-4-6) 13.9,,완료
2021,37,2,14R,⑥ 염윤정,② 원용관,① 김민준,(6) 22.4,,(6-2) 253.7,,(6-2-1) 6.9,(6-2-1) 189.6,,완료
2021,37,2,15R,⑤ 박진서,② 나병창,③ 이재학,(5) 1.5,,(5-2) 2.5,,(5-2-3) 2.4,(5-2-3) 3.8,,완료
2021,37,1,01R,① 우진수,② 류해광,⑤ 이승일,(1) 1.4,,(1-2) 3.4,,(1-2-5) 1.5,(1-2-5) 2.4,④,완료
2021,37,1,02R,① 손제민,⑤ 한 진,④ 윤동오,(1) 1.2,,(1-5) 3.4,,(1-5-4) 3.9,(1-5-4) 4.6,,완료
2021,37,1,03R,③ 정경호,① 임태경,② 강영길,(3) 2.3,,(3-1) 3.9,,(3-1-2) 3.3,(3-1-2) 6.7,,완료
2021,37,1,04R,① 김창규,③ 박원규,⑤ 엄광호,(1) 2.1,,(1-3) 4.2,,(1-3-5) 26.1,(1-3-5) 44.6,,완료
2021,37,1,05R,② 문안나,⑥ 박진서,① 문주엽,(2) 3.6,,(2-6) 23.8,,(2-6-1) 5.9,(2-6-1) 18.2,,완료
2021,37,1,06R,④ 원용관,⑤ 윤영일,⑥ 김종목,(4) 2.0,,(4-5) 8.1,,(4-5-6) 21.0,(4-5-6) 25.3,,완료
2021,37,1,07R,② 김승택,④ 박상현,① 김희용,(2) 7.3,,(2-4) 32.5,,(2-4-1) 4.3,(2-4-1) 32.2,,완료
2021,37,1,08R,② 김도휘,③ 전동욱,⑤ 김선웅,(2) 1.6,,(2-3) 4.3,,(2-3-5) 2.1,(2-3-5) 3.8,,완료
2021,37,1,09R,① 양원준,⑤ 우진수,② 한 진,(1) 2.0,,(1-5) 21.9,,(1-5-2) 9.9,(1-5-2) 18.2,,완료
2021,37,1,10R,④ 서 휘,⑤ 오세준,② 권명호,(4) 2.8,,(4-5) 12.3,,(4-5-2) 4.3,(4-5-2) 10.0,,완료
2021,37,1,11R,① 반혜진,② 이진우,⑤ 박설희,(1) 1.6,,(1-2) 3.6,,(1-2-5) 4.3,(1-2-5) 6.8,,완료
2021,37,1,12R,⑤ 김태영,③ 김경일,⑥ 김민준,(5) 28.9,,(5-3) 443.3,,(5-3-6) 76.0,(5-3-6) 529.8,,완료
2021,37,1,13R,④ 김동민,⑤ 김종희,⑥ 김성찬,(4) 2.9,,(4-5) 22.9,,(4-5-6) 59.1,(4-5-6) 90.3,,완료
2021,37,1,14R,④ 정경호,⑥ 손제민,① 윤영일,(4) 1.1,,(4-6) 1.6,,(4-6-1) 1.7,(4-6-1) 1.9,,완료
2021,37,1,15R,② 윤동오,⑥ 문주엽,④ 이 인,(2) 1.2,,(2-6) 4.4,,(2-6-4) 2.7,(2-6-4) 4.0,,완료
2021,36,2,01R,⑤ 손동민,① 이응석,⑥ 나종호,(5) 5.0,,(5-1) 5.7,,(5-1-6) 2.7,(5-1-6) 9.0,,완료
2021,36,2,02R,⑤ 정주현,⑥ 김국흠,② 이상문,(5) 4.9,,(5-6) 23.3,,(5-6-2) 75.8,(5-6-2) 138.7,,완료
2021,36,2,03R,① 전정환,③ 기광서,⑤ 조현귀,(1) 3.0,,(1-3) 6.4,,(1-3-5) 8.0,(1-3-5) 13.6,,완료
2021,36,2,04R,① 이용세,② 김태용,④ 김완석,(1) 1.6,,(1-2) 10.7,,(1-2-4) 8.4,(1-2-4) 12.5,,완료
2021,36,2,05R,④ 이경섭,① 이종인,⑤ 김민길,(4) 2.8,,(4-1) 9.8,,(4-1-5) 4.5,(4-1-5) 9.1,,완료
2021,36,2,06R,② 김현철,⑥ 김계영,③ 황이태,(2) 1.3,,(2-6) 10.5,,(2-6-3) 8.2,(2-6-3) 9.1,,완료
2021,36,2,07R,① 김영민,⑤ 김동경,④ 조성인,(1) 5.3,,(1-5) 71.9,,(1-5-4) 32.5,(1-5-4) 100.8,,완료
2021,36,2,08R,③ 정민수,② 전두식,① 강지환,(3) 2.8,,(3-2) 21.3,,(3-2-1) 13.8,(3-2-1) 31.0,,완료
2021,36,2,09R,② 이지은,① 나종호,⑥ 어선규,(2) 10.8,,(2-1) 28.1,,(2-1-6) 12.9,(2-1-6) 65.0,,완료
2021,36,2,10R,④ 김종민,① 박종덕,② 배혜민,(4) 2.5,,(4-1) 5.6,,(4-1-2) 3.1,(4-1-2) 8.5,,완료
2021,36,2,11R,② 조규태,④ 이용세,③ 김인혜,(2) 4.5,,(2-4) 3.4,,(2-4-3) 1.6,(2-4-3) 4.5,①,완료
2021,36,2,12R,③ 양원준,② 박석문,⑤ 김응선,(3) 16.3,,(3-2) 129.6,,(3-2-5) 25.4,(3-2-5) 316.9,,완료
2021,36,2,13R,① 이창규,⑥ 김현철,④ 조현귀,(1) 1.8,,(1-6) 5.9,,(1-6-4) 7.4,(1-6-4) 11.9,,완료
2021,36,2,14R,③ 김계영,① 기광서,④ 이상문,(3) 1.2,,(3-1) 2.7,,(3-1-4) 2.3,(3-1-4) 2.8,,완료
2021,36,2,15R,② 조성인,③ 한성근,① 김성찬,(2) 1.1,,(2-3) 1.4,,(2-3-1) 4.2,(2-3-1) 4.8,,완료
2021,36,1,01R,① 이태희,③ 김민준,④ 배혜민,(1) 1.3,,(1-3) 6.0,,(1-3-4) 4.0,(1-3-4) 6.0,,완료
2021,36,1,02R,③ 손동민,⑤ 김성찬,② 한종석,(3) 2.1,,(3-5) 8.0,,(3-5-2) 5.1,(3-5-2) 9.2,,완료
2021,36,1,03R,④ 한성근,⑤ 이미나,② 전정환,(4) 1.5,,(4-5) 2.2,,(4-5-2) 2.0,(4-5-2) 2.9,,완료
2021,36,1,04R,① 김응선,② 박민영,③ 나종호,(1) 1.5,,(1-2) 48.4,,(1-2-3) 35.8,(1-2-3) 58.9,,완료
2021,36,1,05R,⑥ 김지현,② 구현구,① 윤영근,(6) 3.6,,(6-2) 17.8,,(6-2-1) 12.1,(6-2-1) 29.6,,완료
2021,36,1,06R,① 류석현,⑥ 김종민,④ 정민수,(1) 1.4,,(1-6) 8.5,,(1-6-4) 10.2,(1-6-4) 14.8,,완료
2021,36,1,07R,⑤ 조성인,④ 전두식,⑥ 서 휘,(5) 1.1,,(5-4) 3.8,,(5-4-6) 1.1,(5-4-6) 2.0,① ②,완료
2021,36,1,08R,② 정주현,① 김종목,⑥ 이태희,(2) 1.2,,(2-1) 7.9,,([]-[]-[]) 1.0,([]-[]-[]) 1.0,③ ④ ⑤,완료
2021,36,1,09R,① 어선규,③ 안지민,② 조현귀,(1) 1.2,,(1-3) 3.4,,(1-3-2) 6.1,(1-3-2) 7.9,,완료
2021,36,1,10R,① 김국흠,⑤ 이종인,④ 김도휘,(1) 1.5,,(1-5) 3.8,,(1-5-4) 6.4,(1-5-4) 8.8,,완료
2021,36,1,11R,① 이재학,③ 손지영,⑤ 이용세,(1) 2.9,,(1-3) 8.7,,(1-3-5) 18.9,(1-3-5) 31.7,,완료
2021,36,1,12R,① 김지현,② 김민길,④ 김영민,(1) 1.8,,(1-2) 2.7,,(1-2-4) 1.7,(1-2-4) 3.4,,완료
2021,36,1,13R,① 김종민,④ 박설희,⑤ 조규태,(1) 1.1,,(1-4) 3.7,,(1-4-5) 12.6,(1-4-5) 13.0,,완료
2021,36,1,14R,② 이미나,⑤ 황이태,⑥ 류석현,(2) 1.2,,(2-5) 3.5,,(2-5-6) 2.2,(2-5-6) 3.0,,완료
2021,36,1,15R,② 김완석,⑥ 김재윤,④ 한종석,(2) 2.3,,(2-6) 4.7,,(2-6-4) 1.7,(2-6-4) 3.6,,완료
2021,35,2,01R,⑤ 김정구,② 김기한,③ 정용진,(5) 8.2,,(5-2) 24.6,,(5-2-3) 19.5,(5-2-3) 66.5,,완료
2021,35,2,02R,① 정경호,② 나병창,④ 홍진수,(1) 1.7,,(1-2) 4.0,,(1-2-4) 8.2,(1-2-4) 12.0,,완료
2021,35,2,03R,② 김민길,④ 김효년,⑤ 민영건,(2) 2.1,,(2-4) 3.5,,(2-4-5) 1.8,(2-4-5) 4.0,,완료
2021,35,2,04R,① 정세혁,② 우진수,③ 황이태,(1) 2.4,,(1-2) 9.7,,(1-2-3) 14.3,(1-2-3) 24.5,,완료
2021,35,2,05R,③ 손제민,② 류석현,⑥ 김희용,(3) 2.7,,(3-2) 4.3,,(3-2-6) 3.0,(3-2-6) 7.9,,완료
2021,35,2,06R,③ 송효석,② 윤영일,⑤ 이미나,(3) 2.5,,(3-2) 8.9,,(3-2-5) 2.5,(3-2-5) 6.9,,완료
2021,35,2,07R,② 이지수,① 김창규,④ 나종호,(2) 3.0,,(2-1) 4.2,,(2-1-4) 2.3,(2-1-4) 8.4,,완료
2021,35,2,08R,④ 홍기철,① 박정아,⑤ 이택근,(4) 12.5,,(4-1) 17.3,,(4-1-5) 7.3,(4-1-5) 40.6,,완료
2021,35,2,09R,④ 정경호,② 원용관,⑤ 문안나,(4) 2.4,,(4-2) 3.5,,(4-2-5) 2.7,(4-2-5) 6.0,,완료
2021,35,2,10R,① 민영건,③ 김태영,② 김선웅,(1) 1.6,,(1-3) 8.7,,(1-3-2) 9.3,(1-3-2) 15.4,,완료
2021,35,2,11R,③ 우진수,① 신현경,② 손유정,(3) 5.1,,(3-1) 7.5,,(3-1-2) 4.9,(3-1-2) 19.7,④,완료
2021,35,2,12R,③ 어선규,① 최재원,④ 류석현,(3) 2.1,,(3-1) 9.1,,(3-1-4) 6.3,(3-1-4) 11.0,,완료
2021,35,2,13R,⑥ 한성근,④ 안지민,③ 강지환,(6) 7.3,,(6-4) 53.3,,(6-4-3) 21.6,(6-4-3) 75.8,,완료
2021,35,2,14R,④ 이미나,⑥ 홍진수,② 정용진,(4) 1.2,,(4-6) 19.1,,(4-6-2) 33.7,(4-6-2) 41.4,,완료
2021,35,2,15R,① 손제민,② 문주엽,③ 김기한,(1) 1.8,,(1-2) 3.5,,(1-2-3) 1.8,(1-2-3) 3.3,,완료
2021,35,1,01R,④ 김창규,⑤ 원용관,⑥ 김태영,(4) 4.4,,(4-5) 13.2,,(4-5-6) 23.2,(4-5-6) 39.4,,완료
2021,35,1,02R,② 장영태,⑤ 안지민,④ 김기한,(2) 2.2,,(2-5) 12.1,,(2-5-4) 20.3,(2-5-4) 32.9,,완료
2021,35,1,03R,⑥ 박정아,② 강지환,④ 황이태,(6) 7.9,,(6-2) 19.4,,(6-2-4) 9.4,(6-2-4) 42.5,,완료
2021,35,1,04R,① 박설희,② 홍진수,⑤ 한성근,(1) 1.3,,(1-2) 8.2,,(1-2-5) 4.4,(1-2-5) 6.7,,완료
2021,35,1,05R,⑤ 김민천,② 김희용,⑥ 한 진,(5) 1.6,,(5-2) 4.2,,(5-2-6) 2.4,(5-2-6) 4.3,,완료
2021,35,1,06R,② 김효년,① 한종석,③ 나병창,(2) 2.9,,(2-1) 4.2,,(2-1-3) 2.0,(2-1-3) 5.9,,완료
2021,35,1,07R,② 윤동오,④ 이지수,③ 민영건,(2) 2.5,,(2-4) 8.6,,(2-4-3) 3.1,(2-4-3) 7.9,,완료
2021,35,1,08R,① 나종호,② 이미나,⑤ 최재원,(1) 9.5,,(1-2) 11.8,,(1-2-5) 8.5,(1-2-5) 35.4,,완료
2021,35,1,09R,① 손지영,④ 문주엽,② 곽현성,(1) 2.2,,(1-4) 5.5,,(1-4-2) 2.7,(1-4-2) 5.1,,완료
2021,35,1,10R,⑤ 강지환,② 김종희,③ 사재준,(5) 4.2,,(5-2) 20.8,,(5-2-3) 30.5,(5-2-3) 70.8,,완료
2021,35,1,11R,⑤ 정경호,② 한성근,④ 어선규,(5) 11.8,,(5-2) 59.0,,(5-2-4) 3.3,(5-2-4) 59.5,,완료
2021,35,1,12R,① 김민천,⑤ 정세혁,⑥ 송효석,(1) 1.1,,(1-5) 5.0,,(1-5-6) 5.7,(1-5-6) 7.5,,완료
2021,35,1,13R,⑥ 손제민,② 김정구,① 김동경,(6) 4.2,,(6-2) 8.6,,(6-2-1) 3.2,(6-2-1) 12.6,,완료
2021,35,1,14R,③ 김창규,⑥ 한종석,④ 김희용,(3) 1.7,,(3-6) 8.0,,(3-6-4) 4.2,(3-6-4) 5.6,,완료
2021,35,1,15R,① 한 진,③ 원용관,④ 임태경,(1) 1.3,,(1-3) 10.4,,(1-3-4) 9.6,(1-3-4) 13.6,,완료
2021,34,2,01R,⑤ 김영민,① 권현기,③ 서 휘,(5) 8.7,,(5-1) 36.1,,(5-1-3) 6.8,(5-1-3) 44.3,,완료
2021,34,2,02R,⑤ 김응선,④ 이동준,③ 박종덕,(5) 2.7,,(5-4) 6.9,,(5-4-3) 2.1,(5-4-3) 6.0,⑥,완료
2021,34,2,03R,③ 이응석,④ 김재윤,② 박준현,(3) 4.5,,(3-4) 14.5,,(3-4-2) 41.5,(3-4-2) 98.8,,완료
2021,34,2,04R,① 이경섭,② 박진서,⑤ 한 진,(1) 2.2,,(1-2) 6.0,,(1-2-5) 3.2,(1-2-5) 6.4,,완료
2021,34,2,05R,② 김종민,① 박상현,④ 김성찬,(2) 1.2,,(2-1) 3.3,,(2-1-4) 14.5,(2-1-4) 20.5,,완료
2021,34,2,06R,① 김민준,⑤ 김지현,⑥ 김완석,(1) 1.3,,(1-5) 4.6,,(1-5-6) 3.4,(1-5-6) 5.1,,완료
2021,34,2,07R,② 김인혜,⑤ 김계영,① 전동욱,(2) 1.6,,(2-5) 11.2,,(2-5-1) 8.9,(2-5-1) 15.1,,완료
2021,34,2,08R,① 조성인,② 최광성,⑤ 이승일,(1) 1.2,,(1-2) 1.7,,(1-2-5) 1.7,(1-2-5) 2.0,,완료
2021,34,2,09R,① 정민수,③ 김응선,⑤ 배혜민,(1) 2.4,,(1-3) 2.8,,(1-3-5) 2.1,(1-3-5) 4.0,④,완료
2021,34,2,10R,④ 이용세,③ 박정아,① 김태규,(4) 1.3,,(4-3) 5.3,,(4-3-1) 4.9,(4-3-1) 9.6,,완료
2021,34,2,11R,① 한 진,④ 박원규,③ 최영재,(1) 1.3,,(1-4) 3.9,,(1-4-3) 1.2,(1-4-3) 2.1,⑥,완료
2021,34,2,12R,⑥ 김강현,③ 김영민,⑤ 김지영,(6) 10.0,,(6-3) 34.7,,(6-3-5) 3.6,(6-3-5) 52.4,①,완료
2021,34,2,13R,① 서 휘,④ 김완석,② 김대선,(1) 1.7,,(1-4) 2.8,,(1-4-2) 4.8,(1-4-2) 8.9,,완료
2021,34,2,14R,② 신현경,⑤ 김민준,⑥ 이응석,(2) 1.3,,(2-5) 2.1,,(2-5-6) 10.9,(2-5-6) 13.5,,완료
2021,34,2,15R,③ 김재윤,⑤ 김종민,④ 김지현,(3) 3.7,,(3-5) 7.3,,(3-5-4) 1.9,(3-5-4) 5.6,,완료
2021,34,1,01R,① 전두식,④ 김영민,⑤ 이동준,(1) 2.8,,(1-4) 14.6,,(1-4-5) 18.2,(1-4-5) 34.9,,완료
2021,34,1,02R,④ 박준호,⑥ 이용세,⑤ 이경섭,(4) 21.7,,(4-6) 42.9,,(4-6-5) 11.3,(4-6-5) 70.4,,완료
2021,34,1,03R,② 김지현,③ 이승일,④ 하서우,(2) 1.7,,(2-3) 3.0,,(2-3-4) 6.6,(2-3-4) 9.2,,완료
2021,34,1,04R,⑤ 심상철,③ 박진서,④ 김인혜,(5) 1.7,,(5-3) 12.4,,(5-3-4) 6.0,(5-3-4) 9.8,,완료
2021,34,1,05R,② 조성인,③ 반혜진,⑤ 이창규,(2) 1.3,,(2-3) 3.1,,(2-3-5) 6.8,(2-3-5) 8.3,④,완료
2021,34,1,06R,② 박종덕,① 정경호,⑥ 박원규,(2) 8.2,,(2-1) 13.3,,(2-1-6) 4.6,(2-1-6) 33.7,,완료
2021,34,1,07R,① 김지훈,③ 김종민,② 김완석,(1) 2.4,,(1-3) 9.1,,(1-3-2) 2.0,(1-3-2) 7.6,,완료
2021,34,1,08R,④ 한 진,① 이동준,⑤ 박상현,(4) 2.2,,(4-1) 5.0,,(4-1-5) 4.5,(4-1-5) 10.0,,완료
2021,34,1,09R,① 주은석,② 조규태,⑥ 구본선,(1) 1.2,,(1-2) 6.6,,(1-2-6) 18.1,(1-2-6) 23.9,,완료
2021,34,1,10R,③ 조현귀,⑤ 서 휘,② 배혜민,(3) 5.0,,(3-5) 9.4,,(3-5-2) 1.4,(3-5-2) 8.4,①,완료
2021,34,1,11R,② 김응선,③ 김지영,⑤ 박진서,(2) 1.2,,(2-3) 2.6,,(2-3-5) 3.8,(2-3-5) 5.1,,완료
2021,34,1,12R,① 이창규,④ 김민준,⑥ 권현기,(1) 4.2,,(1-4) 8.2,,(1-4-6) 18.7,(1-4-6) 55.4,,완료
2021,34,1,13R,⑤ 정민수,③ 김강현,⑥ 최광성,(5) 13.9,,(5-3) 89.0,,(5-3-6) 37.7,(5-3-6) 150.3,,완료
2021,34,1,14R,① 이용세,④ 김계영,③ 하서우,(1) 2.6,,(1-4) 20.0,,(1-4-3) 42.5,(1-4-3) 86.3,,완료
2021,34,1,15R,② 최영재,③ 김인혜,⑥ 정경호,(2) 2.1,,(2-3) 3.5,,(2-3-6) 2.0,(2-3-6) 5.0,,완료
2021,33,2,01R,① 김동민,④ 나병창,⑤ 손유정,(1) 1.2,,(1-4) 2.2,,(1-4-5) 8.8,(1-4-5) 10.7,,완료
2021,33,2,02R,② 손지영,① 이태희,④ 구현구,(2) 5.5,,(2-1) 8.8,,(2-1-4) 4.7,(2-1-4) 21.3,,완료
2021,33,2,03R,② 홍기철,④ 김정구,① 장영태,(2) 2.7,,(2-4) 10.4,,(2-4-1) 3.1,(2-4-1) 9.8,,완료
2021,33,2,04R,② 이용세,① 윤영일,⑤ 김경일,(2) 1.3,,(2-1) 3.2,,(2-1-5) 5.9,(2-1-5) 7.8,,완료
2021,33,2,05R,② 류석현,③ 이지은,④ 엄광호,(2) 1.4,,(2-3) 6.4,,(2-3-4) 24.6,(2-3-4) 28.5,,완료
2021,33,2,06R,② 최영재,③ 심상철,⑥ 이종인,(2) 3.3,,(2-3) 4.2,,(2-3-6) 9.6,(2-3-6) 30.3,,완료
2021,33,2,07R,① 이지수,⑥ 김종민,⑤ 구남우,(1) 3.0,,(1-6) 7.7,,(1-6-5) 7.8,(1-6-5) 30.4,,완료
2021,33,2,08R,① 이수빈,② 최진혁,④ 김동민,(1) 6.9,,(1-2) 58.2,,(1-2-4) 14.6,(1-2-4) 57.9,,완료
2021,33,2,09R,② 어선규,⑤ 김완석,① 이 인,(2) 1.7,,(2-5) 4.4,,(2-5-1) 3.7,(2-5-1) 6.6,,완료
2021,33,2,10R,⑤ 정인교,① 이상문,⑥ 손제민,(5) 9.0,,(5-1) 55.7,,(5-1-6) 29.8,(5-1-6) 90.3,,완료
2021,33,2,11R,③ 이용세,⑤ 송효석,② 임태경,(3) 1.4,,(3-5) 2.7,,(3-5-2) 5.1,(3-5-2) 6.6,,완료
2021,33,2,12R,① 최영재,⑥ 안지민,② 이경섭,(1) 1.3,,(1-6) 6.4,,(1-6-2) 3.5,(1-6-2) 4.0,,완료
2021,33,2,13R,① 한성근,② 황이태,⑥ 김정구,(1) 2.2,,(1-2) 3.8,,(1-2-6) 9.0,(1-2-6) 16.6,,완료
2021,33,2,14R,⑥ 심상철,② 이창규,⑤ 김보경,(6) 1.8,,(6-2) 3.9,,(6-2-5) 2.1,(6-2-5) 3.9,,완료
2021,33,2,15R,① 김기한,⑤ 홍기철,② 신동길,(1) 2.4,,(1-5) 13.1,,(1-5-2) 23.7,(1-5-2) 30.8,,완료
2021,33,1,01R,① 나병창,② 이종인,⑤ 최영재,(1) 4.0,,(1-2) 12.5,,(1-2-5) 3.4,(1-2-5) 10.7,,완료
2021,33,1,02R,① 전동욱,④ 김현덕,② 기광서,(1) 2.1,,(1-4) 12.9,,(1-4-2) 6.1,(1-4-2) 10.6,,완료
2021,33,1,03R,③ 김완석,① 조현귀,⑥ 윤영일,(3) 1.3,,(3-1) 3.6,,(3-1-6) 9.4,(3-1-6) 13.9,,완료
2021,33,1,04R,① 정인교,③ 김희용,⑥ 구현구,(1) 1.9,,(1-3) 5.2,,(1-3-6) 20.6,(1-3-6) 29.4,,완료
2021,33,1,05R,④ 김종민,① 이승일,③ 이창규,(4) 3.0,,(4-1) 4.8,,(4-1-3) 4.7,(4-1-3) 9.5,⑤ ⑥,완료
2021,33,1,06R,① 손제민,⑤ 김동민,⑥ 송효석,(1) 1.7,,(1-5) 2.9,,(1-5-6) 2.7,(1-5-6) 4.4,,완료
2021,33,1,07R,④ 이경섭,⑤ 최진혁,③ 강지환,(4) 2.5,,(4-5) 13.3,,(4-5-3) 7.1,(4-5-3) 15.0,,완료
2021,33,1,08R,④ 이용세,⑤ 어선규,③ 구남우,(4) 2.0,,(4-5) 3.0,,(4-5-3) 4.8,(4-5-3) 8.0,,완료
2021,33,1,09R,① 이진우,⑤ 이태희,③ 송효범,(1) 1.3,,(1-5) 1.5,,(1-5-3) 2.5,(1-5-3) 3.8,② ④,완료
2021,33,1,10R,② 심상철,④ 구본선,① 서종원,(2) 1.2,,(2-4) 4.3,,(2-4-1) 4.3,(2-4-1) 5.8,,완료
2021,33,1,11R,① 황만주,② 김태규,③ 한성근,(1) 5.1,,(1-2) 19.0,,(1-2-3) 7.2,(1-2-3) 36.0,,완료
2021,33,1,12R,② 김종민,① 우진수,③ 조규태,(2) 1.2,,(2-1) 2.7,,(2-1-3) 8.0,(2-1-3) 12.1,,완료
2021,33,1,13R,⑤ 류석현,② 김경일,① 송효석,(5) 3.0,,(5-2) 20.5,,(5-2-1) 3.9,(5-2-1) 12.9,,완료
2021,33,1,14R,④ 손제민,⑥ 조현귀,② 엄광호,(4) 1.2,,(4-6) 2.7,,(4-6-2) 5.5,(4-6-2) 7.5,,완료
2021,33,1,15R,④ 김완석,⑥ 정인교,③ 이수빈,(4) 1.2,,(4-6) 3.7,,(4-6-3) 8.1,(4-6-3) 8.0,,완료
2021,32,2,01R,⑤ 김지훈,① 김국흠,③ 김현철,(5) 13.1,,(5-1) 82.6,,(5-1-3) 39.6,(5-1-3) 153.9,,완료
2021,32,2,02R,④ 김계영,⑤ 최광성,③ 김민준,(4) 7.2,,(4-5) 75.0,,(4-5-3) 18.9,(4-5-3) 66.0,,완료
2021,32,2,03R,③ 문안나,④ 정경호,② 박상현,(3) 3.8,,(3-4) 8.2,,(3-4-2) 1.9,(3-4-2) 6.7,①,완료
2021,32,2,04R,⑤ 박설희,① 정승호,⑥ 강창효,(5) 6.0,,(5-1) 43.2,,(5-1-6) 52.0,(5-1-6) 105.8,,완료
2021,32,2,05R,① 김민길,④ 사재준,③ 김동경,(1) 1.3,,(1-4) 9.0,,(1-4-3) 8.8,(1-4-3) 10.1,,완료
2021,32,2,06R,① 한 운,② 한준희,⑤ 양원준,(1) 2.5,,(1-2) 32.6,,(1-2-5) 35.2,(1-2-5) 79.7,,완료
2021,32,2,07R,④ 원용관,① 이상문,③ 최재원,(4) 3.4,,(4-1) 16.6,,(4-1-3) 8.8,(4-1-3) 29.4,,완료
2021,32,2,08R,③ 김민천,④ 이미나,⑥ 이휘동,(3) 1.5,,(3-4) 2.9,,(3-4-6) 13.5,(3-4-6) 18.1,,완료
2021,32,2,09R,② 서종원,③ 한 진,① 김강현,(2) 6.3,,(2-3) 10.6,,(2-3-1) 3.8,(2-3-1) 13.5,,완료
2021,32,2,10R,⑥ 문주엽,④ 권현기,① 황이태,(6) 9.1,,(6-4) 66.6,,(6-4-1) 10.1,(6-4-1) 56.8,,완료
2021,32,2,11R,③ 어선규,⑤ 김태용,④ 김영민,(3) 1.3,,(3-5) 7.2,,(3-5-4) 9.6,(3-5-4) 13.1,,완료
2021,32,2,12R,⑤ 이응석,⑥ 김민길,④ 박석문,(5) 8.6,,(5-6) 22.2,,(5-6-4) 14.0,(5-6-4) 60.1,,완료
2021,32,2,13R,② 반혜진,③ 김응선,① 염윤정,(2) 3.0,,(2-3) 8.4,,(2-3-1) 17.5,(2-3-1) 43.2,,완료
2021,32,2,14R,② 김지훈,③ 박설희,⑤ 이 인,(2) 2.7,,(2-3) 6.8,,(2-3-5) 6.7,(2-3-5) 11.7,,완료
2021,32,2,15R,② 정세혁,⑥ 김세원,③ 윤영근,(2) 1.4,,(2-6) 3.3,,(2-6-3) 2.2,(2-6-3) 3.2,,완료
2021,32,1,01R,③ 손동민,① 이미나,⑤ 정세혁,(3) 11.3,,(3-1) 15.2,,(3-1-5) 1.9,(3-1-5) 9.8,②,완료
2021,32,1,02R,⑤ 김민길,② 김영민,④ 반혜진,(5) 1.6,,(5-2) 4.2,,(5-2-4) 4.8,(5-2-4) 8.1,,완료
2021,32,1,03R,② 어선규,⑥ 황이태,⑤ 박석문,(2) 1.2,,(2-6) 8.1,,(2-6-5) 3.6,(2-6-5) 4.3,,완료
2021,32,1,04R,② 권현기,④ 주은석,③ 윤동오,(2) 5.2,,(2-4) 15.0,,(2-4-3) 7.1,(2-4-3) 32.2,,완료
2021,32,1,05R,④ 이 인,⑤ 김지현,⑥ 한 진,(4) 2.9,,(4-5) 10.5,,(4-5-6) 8.2,(4-5-6) 21.3,,완료
2021,32,1,06R,⑤ 서종원,② 조성인,① 나종호,(5) 43.0,,(5-2) 199.0,,(5-2-1) 36.6,(5-2-1) 585.0,,완료
2021,32,1,07R,⑤ 김민천,① 문주엽,④ 김강현,(5) 2.2,,(5-1) 5.5,,(5-1-4) 2.7,(5-1-4) 6.1,,완료
2021,32,1,08R,① 강창효,⑤ 손제민,③ 홍진수,(1) 3.6,,(1-5) 13.8,,(1-5-3) 47.2,(1-5-3) 101.3,,완료
2021,32,1,09R,① 정민수,③ 반혜진,⑥ 한 운,(1) 2.4,,(1-3) 6.8,,(1-3-6) 35.7,(1-3-6) 68.0,,완료
2021,32,1,10R,② 이응석,③ 박석문,⑤ 박진서,(2) 6.1,,(2-3) 24.3,,(2-3-5) 32.4,(2-3-5) 83.8,,완료
2021,32,1,11R,④ 문안나,② 김응선,③ 주은석,(4) 9.6,,(4-2) 22.6,,(4-2-3) 4.1,(4-2-3) 37.2,,완료
2021,32,1,12R,② 김민준,① 김대선,⑥ 김기한,(2) 1.6,,(2-1) 3.3,,(2-1-6) 17.2,(2-1-6) 26.7,,완료
2021,32,1,13R,① 양원준,③ 김세원,④ 김현철,(1) 10.7,,(1-3) 27.4,,(1-3-4) 15.8,(1-3-4) 66.1,,완료
2021,32,1,14R,③ 김지현,⑥ 이미나,④ 김종희,(3) 1.3,,(3-6) 2.7,,(3-6-4) 3.6,(3-6-4) 3.7,,완료
2021,32,1,15R,② 한 진,⑥ 어선규,⑤ 김영민,(2) 2.0,,(2-6) 3.7,,(2-6-5) 2.0,(2-6-5) 5.6,,완료
2021,31,2,01R,② 신현경,① 김완석,⑤ 송효석,(2) 4.1,,(2-1) 4.2,,(2-1-5) 2.0,(2-1-5) 6.8,,완료
2021,31,2,02R,③ 길현태,⑥ 민영건,① 곽현성,(3) 2.5,,(3-6) 31.1,,(3-6-1) 8.2,(3-6-1) 17.7,,완료
2021,31,2,03R,③ 장수영,② 이창규,④ 김인혜,(3) 2.4,,(3-2) 5.5,,(3-2-4) 1.5,(3-2-4) 3.3,①,완료
2021,31,2,04R,③ 정훈민,⑤ 박준현,⑥ 이경섭,(3) 11.9,,(3-5) 212.4,,(3-5-6) 114.7,(3-5-6) 471.4,,완료
2021,31,2,05R,② 최영재,③ 장영태,① 김선웅,(2) 2.8,,(2-3) 6.8,,(2-3-1) 8.1,(2-3-1) 23.6,,완료
2021,31,2,06R,④ 강지환,⑤ 박정아,② 윤상선,(4) 4.7,,(4-5) 23.8,,(4-5-2) 55.2,(4-5-2) 182.3,,완료
2021,31,2,07R,① 김태용,③ 류석현,② 이용세,(1) 2.5,,(1-3) 7.7,,(1-3-2) 2.2,(1-3-2) 6.2,,완료
2021,31,2,08R,② 김동민,④ 이태희,⑥ 황만주,(2) 4.2,,(2-4) 14.2,,(2-4-6) 59.5,(2-4-6) 168.4,,완료
2021,31,2,09R,④ 김완석,① 민영건,② 양원준,(4) 3.3,,(4-1) 5.5,,(4-1-2) 2.7,(4-1-2) 7.0,,완료
2021,31,2,10R,① 길현태,④ 송효석,② 구현구,(1) 1.3,,(1-4) 3.9,,(1-4-2) 3.8,(1-4-2) 4.7,,완료
2021,31,2,11R,② 장영태,⑤ 이종인,① 손유정,(2) 1.5,,(2-5) 24.4,,(2-5-1) 37.7,(2-5-1) 67.4,,완료
2021,31,2,12R,② 손제민,⑤ 이용세,④ 전동욱,(2) 1.4,,(2-5) 3.9,,(2-5-4) 2.2,(2-5-4) 3.2,③,완료
2021,31,1,01R,② 강지환,⑥ 안지민,① 장수영,(2) 8.5,,(2-6) 43.0,,(2-6-1) 13.7,(2-6-1) 55.0,,완료
2021,31,1,02R,① 김인혜,② 이경섭,④ 김승택,(1) 1.7,,(1-2) 3.0,,(1-2-4) 4.4,(1-2-4) 6.8,,완료
2021,31,1,03R,① 송효석,② 정훈민,⑤ 곽현성,(1) 2.3,,(1-2) 8.9,,(1-2-5) 6.2,(1-2-5) 12.9,,완료
2021,31,1,04R,⑤ 이태희,① 이승일,⑥ 양원준,(5) 2.9,,(5-1) 4.6,,(5-1-6) 3.7,(5-1-6) 6.9,,완료
2021,31,1,05R,① 서 휘,② 김성찬,⑤ 김동민,(1) 1.3,,(1-2) 3.6,,(1-2-5) 2.6,(1-2-5) 3.7,,완료
2021,31,1,06R,⑤ 신현경,③ 한성근,② 이수빈,(5) 16.7,,(5-3) 44.3,,(5-3-2) 25.2,(5-3-2) 214.7,,완료
2021,31,1,07R,④ 길현태,① 심상철,⑤ 김기한,(4) 6.1,,(4-1) 9.2,,(4-1-5) 6.8,(4-1-5) 34.2,,완료
2021,31,1,08R,⑤ 김완석,④ 장영태,⑥ 김태용,(5) 6.1,,(5-4) 7.4,,(5-4-6) 4.6,(5-4-6) 16.0,,완료
2021,31,1,09R,④ 구현구,③ 박정아,⑤ 최영재,(4) 15.4,,(4-3) 23.2,,(4-3-5) 5.5,(4-3-5) 38.5,,완료
2021,31,1,10R,② 이태희,① 안지민,⑤ 윤상선,(2) 1.8,,(2-1) 4.6,,(2-1-5) 16.9,(2-1-5) 48.5,④,완료
2021,31,1,11R,③ 김동민,② 황만주,⑥ 장수영,(3) 1.5,,(3-2) 37.2,,(3-2-6) 35.6,(3-2-6) 58.6,,완료
2021,31,1,12R,⑤ 심상철,④ 서 휘,⑥ 이승일,(5) 3.8,,(5-4) 4.0,,(5-4-6) 3.6,(5-4-6) 10.1,,완료
2021,30,2,01R,② 나종호,① 최재원,⑤ 김효년,(2) 5.5,,(2-1) 8.7,,(2-1-5) 5.1,-,,완료
2021,30,2,02R,② 박원규,⑤ 김보경,① 문안나,(2) 2.7,,(2-5) 27.9,,(2-5-1) 11.5,-,,완료
2021,30,2,03R,③ 김민준,⑤ 윤영일,② 원용관,(3) 1.4,,(3-5) 10.2,,(3-5-2) 5.3,-,,완료
2021,30,2,04R,③ 임태경,② 하서우,⑤ 김현덕,(3) 3.4,,(3-2) 57.3,,(3-2-5) 59.4,-,,완료
2021,30,2,05R,④ 김성찬,⑥ 정세혁,② 박진서,(4) 26.1,,(4-6) 48.2,,(4-6-2) 20.2,-,,완료
2021,30,2,06R,③ 구본선,④ 신동길,② 김정구,(3) 3.5,,(3-4) 16.3,,(3-4-2) 11.7,-,,완료
2021,30,2,07R,① 윤동오,③ 손지영,⑥ 이지은,(1) 7.8,,(1-3) 25.1,,(1-3-6) 37.2,-,,완료
2021,30,2,08R,① 조성인,④ 박석문,③ 윤영근,(1) 1.2,,(1-4) 3.0,,(1-4-3) 4.6,-,,완료
2021,30,2,09R,② 김민준,⑥ 문안나,③ 김효년,(2) 1.3,,(2-6) 5.9,,(2-6-3) 3.1,-,,완료
2021,30,2,10R,② 배혜민,④ 김현덕,① 김태규,(2) 1.8,,(2-4) 7.3,,(2-4-1) 5.7,-,,완료
2021,30,2,11R,③ 박원규,⑤ 원용관,⑥ 박진서,(3) 2.9,,(3-5) 5.5,,(3-5-6) 5.8,-,,완료
2021,30,2,12R,① 정세혁,② 김종민,⑥ 임태경,(1) 1.5,,(1-2) 3.1,,(1-2-6) 3.7,-,,완료
2021,30,1,01R,④ 최재원,⑥ 기광서,③ 나종호,(4) 2.7,,(4-6) 21.7,,(4-6-3) 18.8,-,,완료
2021,30,1,02R,⑤ 김정구,② 한유형,-,(5) 1.1,,([]-[]) 1.0,,([]-[]-[]) 1.0,-,① ③ ④ ⑥,완료
2021,30,1,03R,① 한 진,② 김효년,③ 김종희,(1) 1.4,,(1-2) 3.5,,(1-2-3) 3.8,-,,완료
2021,30,1,04R,① 구본선,③ 김현덕,⑤ 문안나,(1) 1.8,,(1-3) 10.4,,(1-3-5) 8.1,-,,완료
2021,30,1,05R,③ 정세혁,⑥ 배혜민,② 염윤정,(3) 1.3,,(3-6) 4.5,,(3-6-2) 23.2,-,,완료
2021,30,1,06R,⑤ 김민준,⑥ 조성인,④ 박진서,(5) 2.7,,(5-6) 6.6,,(5-6-4) 6.8,-,,완료
2021,30,1,07R,① 이지은,② 이진우,④ 박종덕,(1) 3.5,,(1-2) 8.0,,(1-2-4) 6.3,-,,완료
2021,30,1,08R,④ 김종민,① 반혜진,③ 김성찬,(4) 1.8,,(4-1) 3.2,,(4-1-3) 4.8,-,⑤ ⑥,완료
2021,30,1,09R,⑤ 손지영,② 전두식,⑥ 김도휘,(5) 15.2,,(5-2) 32.7,,(5-2-6) 38.1,-,,완료
2021,30,1,10R,④ 원용관,② 김창규,① 기광서,(4) 5.3,,(4-2) 49.3,,(4-2-1) 9.0,-,,완료
2021,30,1,11R,① 박석문,③ 김명진,④ 정주현,(1) 1.6,,(1-3) 4.4,,(1-3-4) 2.8,-,,완료
2021,30,1,12R,③ 조성인,⑤ 김종희,⑥ 김희용,(3) 1.2,,(3-5) 2.3,,(3-5-6) 4.0,-,,완료
2021,29,2,01R,① 김지현,③ 주은석,② 정경호,(1) 2.6,,(1-3) 14.7,,(1-3-2) 5.2,-,,완료
2021,29,2,02R,② 김지훈,① 정용진,③ 류석현,(2) 4.2,,(2-1) 20.8,,(2-1-3) 9.6,-,,완료
2021,29,2,03R,① 이경섭,⑤ 김영민,② 송효범,(1) 1.5,,(1-5) 10.2,,(1-5-2) 19.5,-,,완료
2021,29,2,04R,⑥ 김민천,⑤ 김현철,② 이지은,(6) 3.5,,(6-5) 14.4,,(6-5-2) 8.2,-,,완료
2021,29,2,05R,⑤ 곽현성,① 이응석,③ 이지수,(5) 6.9,,(5-1) 19.3,,(5-1-3) 3.5,-,,완료
2021,29,2,06R,⑤ 김경일,② 박상현,④ 구남우,(5) 14.0,,(5-2) 79.1,,(5-2-4) 50.4,-,,완료
2021,29,2,07R,⑤ 이미나,① 김지영,⑥ 주은석,(5) 1.8,,(5-1) 5.5,,(5-1-6) 6.0,-,,완료
2021,29,2,08R,① 김민길,④ 류석현,⑤ 김지현,(1) 1.5,,(1-4) 9.5,,(1-4-5) 5.6,-,,완료
2021,29,1,01R,④ 박상현,② 손동민,⑥ 곽현성,(4) 25.9,,(4-2) 46.6,,(4-2-6) 30.1,-,,완료
2021,29,1,02R,③ 이경섭,⑥ 김동경,④ 김지영,(3) 7.6,,(3-6) 315.3,,(3-6-4) 224.7,-,,완료
2021,29,1,03R,⑥ 김민길,② 김채현,⑤ 한 운,(6) 2.3,,(6-2) 26.3,,(6-2-5) 19.6,-,,완료
2021,29,1,04R,⑥ 김지훈,① 주은석,③ 김지현,(6) 9.4,,(6-1) 45.7,,(6-1-3) 3.3,-,,완료
2021,29,1,05R,② 이미나,④ 이지은,① 이택근,(2) 2.1,,(2-4) 15.7,,(2-4-1) 10.3,-,,완료
2021,29,1,06R,⑥ 정경호,④ 김현철,③ 김영민,(6) 9.8,,(6-4) 37.5,,(6-4-3) 25.2,-,,완료
2021,29,1,07R,④ 김민천,① 곽현성,⑤ 이지수,(4) 1.4,,(4-1) 4.0,,(4-1-5) 3.6,-,,완료
2021,29,1,08R,② 김강현,① 고정환,③ 한 운,(2) 1.4,,(2-1) 3.6,,(2-1-3) 2.6,-,,완료
2021,28,2,01R,① 김응선,④ 조현귀,⑤ 이진우,(1) 1.0,,(1-4) 2.5,,(1-4-5) 1.4,-,② ③,완료
2021,28,2,02R,① 이창규,③ 이태희,⑥ 박원규,(1) 3.3,,(1-3) 5.0,,(1-3-6) 2.8,-,,완료
2021,28,2,03R,① 김인혜,④ 정인교,③ 이승일,(1) 1.4,,(1-4) 9.7,,(1-4-3) 3.9,-,,완료
2021,28,2,04R,① 장영태,⑤ 우진수,② 정승호,(1) 1.7,,(1-5) 6.9,,(1-5-2) 19.1,-,,완료
2021,28,2,05R,④ 한종석,③ 서 휘,⑤ 이용세,(4) 3.7,,(4-3) 6.7,,(4-3-5) 4.1,-,,완료
2021,28,2,06R,① 어선규,⑤ 안지민,③ 민영건,(1) 1.4,,(1-5) 7.7,,(1-5-3) 7.3,-,,완료
2021,28,2,07R,② 이동준,④ 김응선,① 조현귀,(2) 1.3,,(2-4) 2.4,,(2-4-1) 3.3,-,,완료
2021,28,2,08R,④ 이진우,③ 문주엽,② 이태희,(4) 4.8,,(4-3) 127.5,,(4-3-2) 17.3,-,,완료
2021,28,1,01R,② 민영건,① 박정아,⑥ 한종석,(2) 5.8,,(2-1) 9.4,,(2-1-6) 4.7,-,,완료
2021,28,1,02R,① 이용세,② 서 휘,③ 우진수,(1) 2.0,,(1-2) 3.4,,(1-2-3) 5.0,-,,완료
2021,28,1,03R,① 김세원,③ 이창규,② 반혜진,(1) 4.6,,(1-3) 18.8,,(1-3-2) 17.1,-,,완료
2021,28,1,04R,④ 김인혜,① 박준호,⑥ 이태희,(4) 2.1,,(4-1) 7.3,,(4-1-6) 3.6,-,,완료
2021,28,1,05R,① 이진우,⑤ 조현귀,④ 오상현,(1) 1.7,,(1-5) 7.0,,(1-5-4) 66.8,-,,완료
2021,28,1,06R,② 박설희,③ 박원규,① 임지훈,(2) 4.7,,(2-3) 8.1,,(2-3-1) 14.0,-,,완료
2021,28,1,07R,⑤ 서 휘,① 한종석,② 구본선,(5) 2.9,,(5-1) 6.5,,(5-1-2) 3.2,-,,완료
2021,28,1,08R,① 정인교,③ 장영태,② 이승일,(1) 1.6,,(1-3) 3.6,,(1-3-2) 2.8,-,,완료
2021,27,2,01R,③ 배혜민,⑤ 김종민,⑥ 정민수,(3) 5.0,,(3-5) 18.0,,(3-5-6) 20.0,-,,완료
2021,27,2,02R,⑤ 김희용,① 전정환,③ 김창규,(5) 30.6,,(5-1) 83.7,,(5-1-3) 10.2,-,,완료
2021,27,2,03R,② 장수영,① 최영재,⑤ 이종인,(2) 2.3,,(2-1) 3.1,,(2-1-5) 3.3,-,,완료
2021,27,2,04R,⑥ 심상철,④ 임태경,① 정훈민,(6) 1.9,,(6-4) 5.6,,(6-4-1) 4.4,-,,완료
2021,27,2,05R,④ 최광성,① 박종덕,③ 한 진,(4) 3.1,,(4-1) 10.2,,(4-1-3) 9.8,-,,완료
2021,27,2,06R,① 이 인,② 신동길,③ 이재학,(1) 1.4,,(1-2) 2.9,,(1-2-3) 1.8,-,,완료
2021,27,2,07R,④ 김민준,② 정민수,⑤ 김창규,(4) 3.4,,(4-2) 7.2,,(4-2-5) 6.5,-,,완료
2021,27,2,08R,① 배혜민,⑥ 김명진,⑤ 윤동오,(1) 2.2,,(1-6) 5.7,,(1-6-5) 89.1,-,,완료
2021,27,1,01R,④ 김명진,① 정주현,⑥ 임태경,(4) 11.4,,(4-1) 23.5,,(4-1-6) 17.3,-,,완료
2021,27,1,02R,① 손지영,⑥ 최광성,③ 전정환,(1) 1.4,,(1-6) 5.1,,(1-6-3) 3.3,-,②,완료
2021,27,1,03R,② 심상철,⑥ 박종덕,③ 전두식,(2) 1.1,,(2-6) 9.9,,(2-6-3) 9.7,-,,완료
2021,27,1,04R,③ 구현구,⑤ 배혜민,⑥ 김민준,(3) 5.7,,(3-5) 28.1,,(3-5-6) 19.9,-,,완료
2021,27,1,05R,① 김종민,② 전동욱,⑥ 최영재,(1) 1.6,,(1-2) 5.5,,(1-2-6) 10.3,-,,완료
2021,27,1,06R,③ 정민수,⑥ 정훈민,④ 김선웅,(3) 1.6,,(3-6) 5.0,,(3-6-4) 3.4,-,①,완료
2021,27,1,07R,⑤ 나병창,⑥ 정주현,④ 이종인,(5) 1.7,,(5-6) 2.6,,(5-6-4) 3.8,-,,완료
2021,27,1,08R,④ 심상철,③ 신동길,② 이재학,(4) 1.2,,(4-3) 7.5,,(4-3-2) 7.5,-,,완료
2021,26,2,01R,② 김지영,⑥ 김민천,③ 강영길,(2) 11.3,,(2-6) 27.0,,(2-6-3) 15.4,-,,완료
2021,26,2,02R,① 김효년,④ 정세혁,③ 고정환,(1) 1.3,,(1-4) 6.1,,(1-4-3) 2.3,-,,완료
2021,26,2,03R,① 박민성,② 박석문,④ 주은석,(1) 7.4,,(1-2) 50.8,,(1-2-4) 30.2,-,,완료
2021,26,2,04R,① 권명호,③ 이응석,⑥ 조규태,(1) 3.2,,(1-3) 9.1,,(1-3-6) 9.2,-,,완료
2021,26,2,05R,④ 김정구,① 윤영일,③ 조승민,(4) 13.0,,(4-1) 213.1,,(4-1-3) 88.8,-,,완료
2021,26,2,06R,① 한성근,⑤ 권현기,② 김종희,(1) 1.2,,(1-5) 62.5,,(1-5-2) 19.2,-,,완료
2021,26,2,07R,③ 문안나,⑥ 김효년,⑤ 김지영,(3) 2.6,,(3-6) 2.5,,(3-6-5) 2.5,-,,완료
2021,26,2,08R,④ 박진서,① 김민천,② 주은석,(4) 4.1,,(4-1) 20.8,,(4-1-2) 6.1,-,,완료
2021,26,1,01R,② 한성근,① 김정구,⑤ 권명호,(2) 1.3,,(2-1) 3.1,,(2-1-5) 16.1,-,,완료
2021,26,1,02R,③ 윤영일,① 박석문,② 문안나,(3) 6.2,,(3-1) 25.4,,(3-1-2) 4.9,-,⑥,완료
2021,26,1,03R,③ 조성인,① 조규태,④ 오세준,(3) 1.1,,(3-1) 4.2,,(3-1-4) 7.3,-,,완료
2021,26,1,04R,④ 김효년,③ 김민천,⑤ 조승민,(4) 2.1,,(4-3) 3.6,,(4-3-5) 9.4,-,,완료
2021,26,1,05R,② 윤영근,③ 김지영,⑥ 고정환,(2) 3.6,,(2-3) 8.1,,(2-3-6) 4.9,-,,완료
2021,26,1,06R,① 원용관,② 정세혁,⑤ 강영길,(1) 1.4,,(1-2) 2.3,,(1-2-5) 2.9,-,,완료
2021,26,1,07R,⑥ 박석문,⑤ 한성근,④ 윤영일,(6) 1.3,,(6-5) 6.6,,(6-5-4) 14.6,-,,완료
2021,26,1,08R,④ 조성인,③ 기광서,② 김태규,(4) 1.8,,(4-3) 2.8,,(4-3-2) 3.1,-,,완료
2021,25,2,01R,⑤ 김응선,② 김인혜,① 김동민,(5) 6.0,,(5-2) 14.4,,(5-2-1) 4.0,-,,완료
2021,25,2,02R,② 김민길,③ 김세원,⑥ 박준현,(2) 1.2,,(2-3) 2.8,,(2-3-6) 11.1,-,,완료
2021,25,2,03R,① 김현철,③ 김지훈,④ 김강현,(1) 1.4,,(1-3) 1.9,,(1-3-4) 1.6,-,,완료
2021,25,2,04R,② 이지수,① 김동경,③ 정경호,(2) 4.5,,(2-1) 5.4,,(2-1-3) 2.3,-,,완료
2021,25,2,05R,⑤ 김종목,④ 박정아,① 송효범,(5) 16.2,,(5-4) 60.2,,(5-4-1) 11.4,-,,완료
2021,25,2,06R,⑤ 손동민,④ 김지현,③ 박상현,(5) 1.7,,(5-4) 12.0,,(5-4-3) 7.4,-,,완료
2021,25,2,07R,④ 김민길,② 김세원,③ 김응선,(4) 1.5,,(4-2) 11.0,,(4-2-3) 6.4,-,,완료
2021,25,2,08R,⑥ 김인혜,② 서 휘,③ 정용진,(6) 2.1,,(6-2) 3.0,,(6-2-3) 1.7,-,,완료
2021,25,1,01R,② 김강현,⑥ 손동민,④ 김종목,(2) 2.0,,(2-6) 5.9,,(2-6-4) 7.0,-,,완료
2021,25,1,02R,② 박정아,① 김지훈,④ 곽현성,(2) 1.8,,(2-1) 4.6,,(2-1-4) 3.9,-,,완료
2021,25,1,03R,① 김영민,④ 김동민,② 권일혁,(1) 2.1,,(1-4) 3.2,,(1-4-2) 2.4,-,,완료
2021,25,1,04R,② 이택근,⑥ 김현철,③ 김인혜,(2) 3.1,,(2-6) 4.2,,(2-6-3) 1.7,-,,완료
2021,25,1,05R,③ 김민길,④ 김응선,⑤ 임지훈,(3) 1.6,,(3-4) 1.6,,(3-4-5) 4.1,-,,완료
2021,25,1,06R,④ 박준현,① 정용진,⑥ 서 휘,(4) 4.7,,(4-1) 14.1,,(4-1-6) 3.3,-,,완료
2021,25,1,07R,① 손동민,④ 김동경,⑤ 박정아,(1) 1.9,,(1-4) 4.1,,(1-4-5) 2.4,-,,완료
2021,25,1,08R,③ 곽현성,⑤ 김강현,④ 이지수,(3) 1.4,,(3-5) 3.0,,(3-5-4) 3.0,-,,완료
2021,24,2,01R,② 구본선,① 홍기철,⑤ 장수영,(2) 1.5,,(2-1) 9.5,,(2-1-5) 10.6,-,,완료
2021,24,2,02R,④ 최재원,② 신현경,⑥ 배혜민,(4) 1.5,,(4-2) 9.3,,(4-2-6) 7.3,-,,완료
2021,24,2,03R,① 신동길,⑤ 이종인,⑥ 황만주,(1) 1.3,,(1-5) 7.6,,(1-5-6) 18.6,-,,완료
2021,24,2,04R,① 손제민,② 문주엽,⑥ 이태희,(1) 1.4,,(1-2) 2.9,,(1-2-6) 3.8,-,,완료
2021,24,2,05R,① 원용관,⑥ 박원규,② 이창규,(1) 2.8,,(1-6) 7.9,,(1-6-2) 3.3,-,,완료
2021,24,2,06R,② 심상철,① 김대선,⑤ 김희용,(2) 1.0,,(2-1) 3.8,,(2-1-5) 4.4,-,,완료
2021,24,2,07R,① 배혜민,② 김보경,⑤ 김창규,(1) 2.8,,(1-2) 18.6,,(1-2-5) 6.1,-,,완료
2021,24,2,08R,③ 최재원,⑥ 구본선,② 윤동오,(3) 1.2,,(3-6) 2.0,,(3-6-2) 2.6,-,,완료
2021,24,1,01R,① 권혁민,③ 이응석,⑤ 김대선,(1) 10.5,,(1-3) 47.9,,(1-3-5) 47.7,-,,완료
2021,24,1,02R,③ 최광성,④ 강지환,② 황만주,(3) 1.5,,(3-4) 3.6,,(3-4-2) 3.8,-,,완료
2021,24,1,03R,③ 이태희,④ 문주엽,① 김창규,(3) 3.0,,(3-4) 7.8,,(3-4-1) 2.0,-,,완료
2021,24,1,04R,⑤ 손제민,④ 이재학,① 정승호,(5) 3.4,,(5-4) 5.8,,(5-4-1) 14.5,-,,완료
2021,24,1,05R,① 박원규,③ 김희용,④ 장수영,(1) 1.1,,(1-3) 2.3,,(1-3-4) 3.6,-,,완료
2021,24,1,06R,① 구본선,② 배혜민,⑤ 심상철,(1) 4.3,,(1-2) 19.9,,(1-2-5) 3.5,-,,완료
2021,24,1,07R,③ 강지환,④ 최광성,② 김대선,(3) 6.1,,(3-4) 3.3,,(3-4-2) 5.8,-,,완료
2021,24,1,08R,④ 이태희,① 이창규,② 이용세,(4) 1.6,,(4-1) 6.9,,(4-1-2) 2.0,-,,완료
2021,23,2,01R,① 주은석,⑥ 이미나,④ 한준희,(1) 1.7,,(1-6) 21.3,,(1-6-4) 30.0,-,,완료
2021,23,2,02R,③ 한종석,④ 김민준,⑤ 전두식,(3) 4.5,,(3-4) 18.6,,(3-4-5) 27.4,-,,완료
2021,23,2,03R,④ 김종민,① 김국흠,② 송효석,(4) 1.4,,(4-1) 2.3,,(4-1-2) 2.7,-,,완료
2021,23,2,04R,① 윤영근,② 기광서,③ 어선규,(1) 2.6,,(1-2) 12.0,,(1-2-3) 4.2,-,,완료
2021,23,2,05R,④ 류석현,① 류해광,② 민영건,(4) 1.1,,(4-1) 5.2,,(4-1-2) 5.2,-,,완료
2021,23,2,06R,② 김효년,① 한 진,④ 정세혁,(2) 2.1,,(2-1) 5.4,,(2-1-4) 6.7,-,,완료
2021,23,2,07R,② 김민준,⑥ 주은석,① 김선웅,(2) 1.0,,(2-6) 4.0,,(2-6-1) 13.2,-,,완료
2021,23,2,08R,① 전두식,⑤ 고정환,③ 송효석,(1) 1.2,,(1-5) 5.8,,(1-5-3) 10.8,-,,완료
2021,23,1,01R,⑤ 류석현,① 김종민,⑥ 전두식,(5) 3.1,,(5-1) 5.7,,(5-1-6) 6.8,-,,완료
2021,23,1,02R,① 민영건,② 정주현,⑤ 이지은,(1) 4.2,,(1-2) 7.4,,(1-2-5) 9.7,-,,완료
2021,23,1,03R,⑤ 어선규,① 한종석,② 이 인,(5) 5.3,,(5-1) 11.8,,(5-1-2) 10.0,-,,완료
2021,23,1,04R,③ 김국흠,⑤ 박설희,⑥ 기광서,(3) 2.4,,(3-5) 5.3,,(3-5-6) 5.6,-,,완료
2021,23,1,05R,② 장영태,① 이미나,⑥ 김현덕,(2) 5.4,,(2-1) 5.7,,(2-1-6) 40.5,-,,완료
2021,23,1,06R,① 손지영,④ 이경섭,③ 정인교,(1) 2.3,,(1-4) 3.2,,(1-4-3) 1.9,-,,완료
2021,23,1,07R,② 류석현,③ 이진우,④ 윤영근,(2) 1.0,,(2-3) 1.3,,(2-3-4) 1.8,-,,완료
2021,23,1,08R,⑥ 김종민,⑤ 정주현,③ 김효년,(6) 1.3,,(6-5) 2.4,,(6-5-3) 1.8,-,,완료
2021,22,2,01R,③ 김완석,④ 박준현,② 김종희,(3) 1.5,,(3-4) 3.2,,(3-4-2) 5.3,-,,완료
2021,22,2,02R,① 강창효,⑤ 조성인,③ 김지현,(1) 3.0,,(1-5) 11.0,,(1-5-3) 4.6,-,,완료
2021,22,2,03R,② 김민천,③ 안지민,① 문주엽,(2) 1.5,,(2-3) 4.0,,(2-3-1) 4.5,-,,완료
2021,22,2,04R,⑤ 서화모,② 임태경,⑥ 조규태,(5) 2.7,,(5-2) 6.6,,(5-2-6) 4.7,-,,완료
2021,22,2,05R,④ 박석문,① 박준호,⑥ 김민길,(4) 2.5,,(4-1) 3.6,,(4-1-6) 1.8,-,,완료
2021,22,2,06R,③ 문안나,① 우진수,④ 김영민,(3) 2.1,,(3-1) 5.9,,(3-1-4) 3.1,-,,완료
2021,22,2,07R,⑤ 김지현,③ 김경일,⑥ 윤영일,(5) 1.9,,(5-3) 8.5,,(5-3-6) 9.5,-,,완료
2021,22,2,08R,① 김완석,② 구남우,⑤ 강창효,(1) 1.2,,(1-2) 2.5,,(1-2-5) 14.5,-,,완료
2021,22,1,01R,② 박석문,④ 서화모,③ 박준호,(2) 1.5,,(2-4) 3.5,,(2-4-3) 3.2,-,,완료
2021,22,1,02R,⑤ 김영민,③ 김민길,⑥ 문안나,(5) 38.5,,(5-3) 169.2,,(5-3-6) 62.2,-,,완료
2021,22,1,03R,① 서 휘,③ 김정구,⑤ 구남우,(1) 1.3,,(1-3) 7.4,,(1-3-5) 16.2,-,,완료
2021,22,1,04R,⑥ 김완석,① 나종호,② 안지민,(6) 2.4,,(6-1) 20.2,,(6-1-2) 5.6,-,,완료
2021,22,1,05R,③ 김지훈,④ 김종희,① 조성인,(3) 8.0,,(3-4) 86.5,,(3-4-1) 2.8,-,,완료
2021,22,1,06R,④ 김민천,⑥ 문주엽,② 김지현,(4) 1.3,,(4-6) 6.7,,(4-6-2) 3.1,-,,완료
2021,22,1,07R,④ 김민길,③ 김도휘,② 서화모,(4) 4.3,,(4-3) 21.4,,(4-3-2) 12.5,-,,완료
2021,22,1,08R,② 문안나,⑥ 서 휘,③ 우진수,(2) 1.6,,(2-6) 2.7,,(2-6-3) 3.0,-,,완료
2021,21,2,01R,① 정세혁,③ 김현덕,② 김승택,(1) 4.1,,(1-3) 14.1,,(1-3-2) 6.0,-,,완료
2021,21,2,02R,① 이창규,② 나병창,⑤ 이상문,(1) 1.7,,(1-2) 4.2,,(1-2-5) 12.3,-,,완료
2021,21,2,03R,① 김희용,② 김응선,⑥ 장수영,(1) 6.3,,(1-2) 11.3,,(1-2-6) 9.2,-,,완료
2021,21,2,04R,③ 박설희,④ 곽현성,⑤ 윤동오,(3) 1.5,,(3-4) 1.9,,(3-4-5) 2.9,-,,완료
2021,21,2,05R,④ 한성근,⑤ 기광서,② 김종목,(4) 6.5,,(4-5) 23.1,,(4-5-2) 52.9,-,,완료
2021,21,2,06R,④ 김동민,⑤ 김인혜,① 김보경,(4) 3.7,,(4-5) 7.4,,(4-5-1) 3.5,-,,완료
2021,21,2,07R,⑥ 이창규,⑤ 나병창,④ 김현덕,(6) 16.9,,(6-5) 187.7,,(6-5-4) 65.0,-,,완료
2021,21,2,08R,⑤ 김응선,③ 정세혁,① 정민수,(5) 1.2,,(5-3) 3.2,,(5-3-1) 6.4,-,,완료
2021,21,1,01R,① 김동민,⑥ 이택근,④ 민영건,(1) 2.4,,(1-6) 43.2,,(1-6-4) 18.2,-,,완료
2021,21,1,02R,① 곽현성,④ 박준현,⑥ 박진서,(1) 1.5,,(1-4) 7.7,,(1-4-6) 8.8,-,,완료
2021,21,1,03R,④ 나병창,② 기광서,① 이상문,(4) 2.6,,(4-2) 9.6,,(4-2-1) 3.4,-,,완료
2021,21,1,04R,③ 김효년,① 김성찬,④ 김보경,(3) 1.8,,(3-1) 5.6,,(3-1-4) 9.2,-,,완료
2021,21,1,05R,① 김인혜,④ 김응선,② 박민성,(1) 2.9,,(1-4) 4.4,,(1-4-2) 8.9,-,,완료
2021,21,1,06R,① 이 인,② 원용관,⑥ 박설희,(1) 2.6,,(1-2) 13.8,,(1-2-6) 12.2,-,,완료
2021,21,1,07R,① 이택근,⑤ 김동민,④ 김종목,(1) 1.3,,(1-5) 2.6,,(1-5-4) 10.2,-,,완료
2021,21,1,08R,④ 기광서,① 강영길,⑥ 곽현성,(4) 14.6,,(4-1) 45.1,,(4-1-6) 26.7,-,,완료
2021,20,2,01R,④ 이창규,② 이경섭,① 어선규,(4) 15.5,,(4-2) 56.2,,(4-2-1) 2.6,-,,완료
2021,20,2,02R,⑤ 이태희,② 한종석,⑥ 김성찬,(5) 2.4,,(5-2) 4.4,,(5-2-6) 21.5,-,,완료
2021,20,2,03R,④ 심상철,⑥ 김국흠,① 정인교,(4) 1.3,,(4-6) 5.1,,(4-6-1) 3.4,-,,완료
2021,20,2,04R,③ 박석문,④ 안지민,⑤ 윤영근,(3) 8.5,,(3-4) 21.5,,(3-4-5) 56.4,-,,완료
2021,20,2,05R,⑤ 문주엽,④ 손제민,① 신현경,(5) 14.3,,(5-4) 28.8,,(5-4-1) 8.8,-,,완료
2021,20,2,06R,① 김민길,⑤ 손동민,⑥ 이지수,(1) 1.3,,(1-5) 2.1,,(1-5-6) 6.4,-,,완료
2021,20,2,07R,① 이태희,⑥ 어선규,⑤ 이경섭,(1) 1.1,,(1-6) 2.3,,(1-6-5) 1.4,-,,완료
2021,20,2,08R,② 이진우,⑥ 최광성,① 심상철,(2) 6.8,,(2-6) 60.6,,(2-6-1) 6.4,-,,완료
2021,20,1,01R,③ 정인교,⑥ 안지민,④ 김성찬,(3) 2.4,,(3-6) 35.3,,(3-6-4) 109.3,-,,완료
2021,20,1,02R,① 손동민,⑤ 손제민,⑥ 김현철,(1) 1.8,,(1-5) 4.8,,(1-5-6) 2.1,-,,완료
2021,20,1,03R,④ 이진우,③ 정세혁,⑤ 박석문,(4) 1.1,,(4-3) 5.4,,(4-3-5) 4.7,-,① ②,완료
2021,20,1,04R,① 김민준,⑥ 이태희,④ 구본선,(1) 3.5,,(1-6) 9.3,,(1-6-4) 23.4,-,,완료
2021,20,1,05R,② 어선규,③ 윤영근,① 강지환,(2) 1.4,,(2-3) 5.9,,(2-3-1) 9.5,-,,완료
2021,20,1,06R,① 이경섭,② 최광성,③ 이미나,(1) 3.8,,(1-2) 7.8,,(1-2-3) 16.7,-,④,완료
2021,20,1,07R,① 안지민,② 손제민,⑥ 손동민,(1) 18.4,,(1-2) 38.9,,(1-2-6) 15.3,-,,완료
2021,20,1,08R,① 김현철,② 김태규,⑤ 박종덕,(1) 1.0,,(1-2) 1.6,,(1-2-5) 1.6,-,,완료
2021,19,2,01R,⑤ 김지현,② 박설희,① 서종원,(5) 4.1,,(5-2) 16.1,,(5-2-1) 2.9,-,,완료
2021,19,2,02R,② 박원규,④ 김효년,① 임태경,(2) 2.5,,(2-4) 9.4,,(2-4-1) 3.0,-,,완료
2021,19,2,03R,① 박민성,② 길현태,③ 한준희,(1) 7.8,,(1-2) 27.4,,(1-2-3) 38.0,-,,완료
2021,19,2,04R,③ 김승택,⑥ 최재원,① 송효석,(3) 2.8,,(3-6) 25.1,,(3-6-1) 3.5,-,,완료
2021,19,2,05R,③ 최영재,① 박설희,⑥ 이동준,(3) 3.6,,(3-1) 4.2,,(3-1-6) 4.0,-,,완료
2021,19,2,06R,② 강창효,④ 김강현,⑥ 주은석,(2) 10.6,,(2-4) 8.8,,(2-4-6) 3.4,-,,완료
2021,19,2,07R,④ 임태경,⑥ 김지영,① 권일혁,(4) 1.1,,(4-6) 1.6,,(4-6-1) 1.6,-,,완료
2021,19,2,08R,④ 박원규,② 김지현,① 김효년,(4) 2.8,,(4-2) 5.0,,(4-2-1) 3.5,-,,완료
2021,19,1,01R,④ 이동준,① 강창효,③ 송효석,(4) 3.2,,(4-1) 26.1,,(4-1-3) 5.9,-,,완료
2021,19,1,02R,② 주은석,⑥ 김강현,③ 김영민,(2) 4.9,,(2-6) 24.6,,(2-6-3) 62.2,-,,완료
2021,19,1,03R,① 전동욱,④ 전두식,⑤ 박원규,(1) 7.9,,(1-4) 37.8,,(1-4-5) 7.8,-,,완료
2021,19,1,04R,① 조현귀,② 김완석,④ 오상현,(1) 4.3,,(1-2) 3.5,,(1-2-4) 1.6,-,⑤ ⑥,완료
2021,19,1,05R,③ 임태경,① 고정환,④ 김지현,(3) 3.8,,(3-1) 4.7,,(3-1-4) 1.4,-,,완료
2021,19,1,06R,③ 권일혁,① 홍진수,② 서종원,(3) 10.2,,(3-1) 49.5,,(3-1-2) 21.3,-,,완료
2021,19,1,07R,① 김강현,② 이동준,④ 김영민,(1) 1.9,,(1-2) 2.4,,(1-2-4) 14.7,-,,완료
2021,19,1,08R,① 김계영,② 최영재,③ 전두식,(1) 2.2,,(1-2) 2.1,,(1-2-3) 2.1,-,,완료
2021,18,2,01R,⑤ 정경호,② 김희용,③ 김선웅,(5) 6.8,,(5-2) 42.2,,(5-2-3) 56.4,-,,완료
2021,18,2,02R,① 정주현,② 김명진,④ 원용관,(1) 1.3,,(1-2) 2.1,,(1-2-4) 4.5,-,,완료
2021,18,2,03R,③ 박정아,④ 류석현,① 김태용,(3) 3.2,,(3-4) 9.5,,(3-4-1) 10.6,-,,완료
2021,18,2,04R,③ 이재학,② 이지은,⑥ 김동민,(3) 5.4,,(3-2) 17.5,,(3-2-6) 14.1,-,,완료
2021,18,2,05R,③ 문주엽,④ 박진서,② 이진우,(3) 4.7,,(3-4) 27.9,,(3-4-2) 8.3,-,,완료
2021,18,2,06R,② 김인혜,⑤ 김민천,① 황이태,(2) 1.8,,(2-5) 4.5,,(2-5-1) 1.5,-,,완료
2021,18,2,07R,⑥ 정주현,① 정경호,② 김도휘,(6) 3.2,,(6-1) 6.2,,(6-1-2) 2.3,-,,완료
2021,18,2,08R,④ 박정아,⑤ 이승일,① 류석현,(4) 1.3,,(4-5) 2.4,,(4-5-1) 2.4,-,,완료
2021,18,1,01R,⑥ 김민천,④ 한 진,② 문주엽,(6) 10.2,,(6-4) 17.6,,(6-4-2) 7.0,-,,완료
2021,18,1,02R,① 김명진,② 윤동오,④ 박종덕,(1) 4.0,,(1-2) 16.3,,(1-2-4) 19.0,-,,완료
2021,18,1,03R,③ 정주현,② 박진서,⑤ 황이태,(3) 1.4,,(3-2) 3.7,,(3-2-5) 2.1,-,,완료
2021,18,1,04R,⑥ 류석현,⑤ 이진우,② 김동민,(6) 4.2,,(6-5) 14.0,,(6-5-2) 4.7,-,,완료
2021,18,1,05R,④ 이승일,① 한 운,⑤ 박정아,(4) 1.5,,(4-1) 4.7,,(4-1-5) 2.5,-,,완료
2021,18,1,06R,④ 정경호,③ 김태용,② 김경일,(4) 1.6,,(4-3) 33.4,,(4-3-2) 11.4,-,,완료
2021,18,1,07R,① 김민천,③ 한 진,⑥ 문주엽,(1) 1.1,,(1-3) 3.6,,(1-3-6) 2.8,-,,완료
2021,18,1,08R,① 김인혜,② 황이태,④ 장수영,(1) 1.1,,(1-2) 1.8,,(1-2-4) 2.0,-,,완료
2021,10,2,01R,④ 신동길,③ 권일혁,⑤ 구현구,(4) 5.3,,(4-3) 73.9,,(4-3-5) 79.9,-,,완료
2021,10,2,02R,① 조성인,⑤ 장영태,③ 양원준,(1) 1.5,,(1-5) 12.7,,(1-5-3) 20.5,-,,완료
2021,10,2,03R,② 심상철,⑤ 손동민,① 권명호,(2) 1.2,,(2-5) 3.5,,(2-5-1) 13.6,-,,완료
2021,10,2,04R,② 이용세,③ 김태영,⑤ 김국흠,(2) 2.7,,(2-3) 167.1,,(2-3-5) 73.2,-,,완료
2021,10,2,05R,① 정인교,④ 김승택,③ 권혁민,(1) 1.6,,(1-4) 2.6,,(1-4-3) 8.9,-,,완료
2021,10,2,06R,① 이미나,④ 이지수,⑤ 곽현성,(1) 2.2,,(1-4) 4.0,,(1-4-5) 4.6,-,,완료
2021,10,2,07R,③ 최광성,② 서 휘,⑤ 조성인,(3) 2.4,,(3-2) 12.4,,(3-2-5) 2.4,-,,완료
2021,10,2,08R,⑤ 심상철,② 구현구,④ 황만주,(5) 1.4,,(5-2) 4.3,,(5-2-4) 3.5,-,,완료
2021,10,1,01R,① 김승택,④ 이용세,⑤ 어선규,(1) 6.9,,(1-4) 10.4,,(1-4-5) 3.3,-,,완료
2021,10,1,02R,① 이동준,⑥ 김국흠,② 이지수,(1) 2.8,,(1-6) 12.8,,(1-6-2) 3.2,-,,완료
2021,10,1,03R,③ 나병창,① 신동길,⑤ 김재윤,(3) 2.0,,(3-1) 4.2,,(3-1-5) 3.0,-,,완료
2021,10,1,04R,③ 심상철,② 손동민,① 이창규,(3) 1.2,,(3-2) 2.0,,(3-2-1) 3.0,-,,완료
2021,10,1,05R,① 최광성,② 구본선,③ 서 휘,(1) 2.7,,(1-2) 3.0,,(1-2-3) 1.7,-,,완료
2021,10,1,06R,① 김세원,② 조성인,③ 구현구,(1) 10.5,,(1-2) 11.1,,(1-2-3) 4.0,-,,완료
2021,10,1,07R,⑤ 이지수,② 어선규,① 김국흠,(5) 3.1,,(5-2) 4.7,,(5-2-1) 1.5,-,,완료
2021,10,1,08R,③ 이용세,⑥ 이동준,⑤ 신동길,(3) 1.6,,(3-6) 11.0,,(3-6-5) 27.4,-,,완료
2021,9,2,01R,③ 박정아,① 김지영,④ 김세원,(3) 3.7,,(3-1) 14.4,,(3-1-4) 20.9,-,,완료
2021,9,2,02R,① 박상현,② 박준호,⑥ 박원규,(1) 2.1,,(1-2) 14.7,,(1-2-6) 6.2,-,,완료
2021,9,2,03R,⑤ 이경섭,④ 김종민,① 김현철,(5) 139.4,,(5-4) 302.0,,(5-4-1) 14.4,-,,완료
2021,9,2,04R,① 최영재,④ 길현태,② 김동경,(1) 1.4,,(1-4) 3.6,,(1-4-2) 3.2,-,,완료
2021,9,2,05R,① 송효범,② 주은석,④ 나종호,(1) 4.5,,(1-2) 7.2,,(1-2-4) 2.9,-,,완료
2021,9,2,06R,② 박정아,⑤ 민영건,⑥ 권현기,(2) 1.0,,(2-5) 2.4,,(2-5-6) 5.5,-,,완료
2021,9,2,07R,① 한성근,③ 김세원,⑥ 박상현,(1) 1.5,,(1-3) 5.4,,(1-3-6) 3.1,-,,완료
2021,9,2,08R,① 박원규,⑥ 김현철,⑤ 김민길,(1) 1.7,,(1-6) 2.7,,(1-6-5) 3.7,-,,완료
2021,9,1,01R,④ 오세준,⑤ 김종민,② 문안나,(4) 6.8,,(4-5) 14.3,,(4-5-2) 5.7,-,,완료
2021,9,1,02R,③ 최영재,④ 박준호,⑤ 김지영,(3) 2.3,,(3-4) 18.9,,(3-4-5) 58.9,-,,완료
2021,9,1,03R,③ 박원규,⑤ 김세원,⑥ 길현태,(3) 1.8,,(3-5) 9.4,,(3-5-6) 17.5,-,,완료
2021,9,1,04R,⑤ 김창규,③ 나종호,① 권현기,(5) 4.7,,(5-3) 8.4,,(5-3-1) 2.4,-,,완료
2021,9,1,05R,③ 김현철,⑥ 박정아,② 정민수,(3) 1.2,,(3-6) 2.5,,(3-6-2) 7.4,-,,완료
2021,9,1,06R,② 김종민,⑥ 김민준,③ 박상현,(2) 1.2,,(2-6) 3.9,,(2-6-3) 2.3,-,,완료
2021,9,1,07R,② 한성근,③ 김민길,④ 민영건,(2) 2.3,,(2-3) 3.7,,(2-3-4) 5.6,-,,완료
2021,9,1,08R,④ 김태규,① 주은석,⑤ 김기한,(4) 2.3,,(4-1) 5.5,,(4-1-5) 3.3,-,,완료
2021,8,2,01R,② 손제민,③ 류해광,⑥ 반혜진,(2) 5.0,,(2-3) 11.1,,(2-3-6) 22.9,-,,완료
2021,8,2,02R,① 한종석,④ 김완석,② 김성찬,(1) 1.8,,(1-4) 3.4,,(1-4-2) 6.9,-,,완료
2021,8,2,03R,③ 한 진,① 배혜민,④ 박민성,(3) 1.4,,(3-1) 2.5,,(3-1-4) 1.8,-,,완료
2021,8,2,04R,② 윤영일,⑥ 손지영,④ 윤영근,(2) 3.7,,(2-6) 7.3,,(2-6-4) 4.0,-,,완료
2021,8,2,05R,③ 이승일,⑥ 서화모,⑤ 사재준,(3) 8.7,,(3-6) 85.0,,(3-6-5) 28.1,-,,완료
2021,8,2,06R,⑤ 김민천,② 최재원,⑥ 김응선,(5) 11.5,,(5-2) 49.7,,(5-2-6) 4.8,-,,완료
2021,8,2,07R,② 반혜진,⑥ 김종희,③ 손유정,(2) 1.2,,(2-6) 34.2,,(2-6-3) 30.9,-,,완료
2021,8,2,08R,⑤ 한종석,② 송효석,④ 한 진,(5) 2.5,,(5-2) 10.3,,(5-2-4) 2.5,-,,완료
2021,8,1,01R,② 김민천,⑥ 사재준,① 이승일,(2) 2.8,,(2-6) 23.7,,(2-6-1) 8.0,-,,완료
2021,8,1,02R,⑤ 김응선,① 최재원,② 강영길,(5) 1.8,,(5-1) 3.6,,(5-1-2) 2.9,-,,완료
2021,8,1,03R,④ 한종석,① 전정환,② 서화모,(4) 2.2,,(4-1) 5.1,,(4-1-2) 3.0,-,,완료
2021,8,1,04R,② 김완석,③ 홍진수,④ 윤영일,(2) 2.0,,(2-3) 13.4,,(2-3-4) 6.5,-,,완료
2021,8,1,05R,⑤ 이휘동,⑥ 한 진,③ 박민성,(5) 4.1,,(5-6) 9.3,,(5-6-3) 18.7,-,,완료
2021,8,1,06R,③ 반혜진,④ 이 인,① 사재준,(3) 1.4,,(3-4) 3.3,,(3-4-1) 2.9,-,,완료
2021,8,1,07R,④ 송효석,① 윤영근,③ 김민천,(4) 3.7,,(4-1) 7.7,,(4-1-3) 1.7,-,,완료
2021,8,1,08R,① 김응선,③ 손지영,④ 배혜민,(1) 1.2,,(1-3) 2.1,,(1-3-4) 2.9,-,,완료
2021,7,2,01R,④ 이재학,② 이택근,① 박진서,(4) 30.0,,(4-2) 108.8,,(4-2-1) 2.6,-,,완료
2021,7,2,02R,② 안지민,③ 손제민,① 정용진,(2) 7.2,,(2-3) 23.8,,(2-3-1) 26.9,-,,완료
2021,7,2,03R,② 손근성,① 정경호,⑤ 김명진,(2) 3.4,,(2-1) 2.8,,(2-1-5) 4.5,-,,완료
2021,7,2,04R,⑥ 어선규,③ 김희용,⑤ 김강현,(6) 2.9,,(6-3) 6.0,,(6-3-5) 10.1,-,,완료
2021,7,2,05R,⑤ 정주현,② 황이태,③ 원용관,(5) 3.6,,(5-2) 7.8,,(5-2-3) 8.1,-,,완료
2021,7,2,06R,① 박설희,③ 박진서,② 김선웅,(1) 2.1,,(1-3) 3.8,,(1-3-2) 2.3,-,,완료
2021,7,2,07R,② 정승호,③ 이재학,① 정훈민,(2) 9.2,,(2-3) 28.1,,(2-3-1) 5.8,-,,완료
2021,7,2,08R,⑤ 이택근,① 서 휘,② 정경호,(5) 10.6,,(5-1) 26.0,,(5-1-2) 4.9,-,,완료
2021,7,1,01R,① 정세혁,② 박설희,③ 문주엽,(1) 2.7,,(1-2) 5.4,,(1-2-3) 2.3,-,,완료
2021,7,1,02R,④ 손근성,② 전동욱,① 이재학,(4) 2.3,,(4-2) 17.4,,(4-2-1) 13.4,-,,완료
2021,7,1,03R,① 정주현,② 김희용,⑥ 이택근,(1) 1.1,,(1-2) 8.4,,(1-2-6) 5.2,-,,완료
2021,7,1,04R,⑥ 박진서,④ 황이태,⑤ 안지민,(6) 1.3,,(6-4) 8.5,,(6-4-5) 17.4,-,,완료
2021,7,1,05R,④ 이상문,② 김인혜,③ 김강현,(4) 17.3,,(4-2) 75.0,,(4-2-3) 12.3,-,,완료
2021,7,1,06R,④ 조승민,① 김재윤,③ 김명진,(4) 4.1,,(4-1) 35.5,,(4-1-3) 37.4,-,,완료
2021,7,1,07R,④ 어선규,① 원용관,② 임태경,(4) 1.6,,(4-1) 9.5,,(4-1-2) 4.8,-,,완료
2021,7,1,08R,③ 손근성,⑥ 정주현,② 최광성,(3) 3.4,,(3-6) 12.9,,(3-6-2) 23.1,-,,완료
2021,6,2,01R,⑤ 한종석,③ 한성근,① 이지은,(5) 1.7,,(5-3) 4.1,,(5-3-1) 3.8,-,,완료
2021,6,2,02R,⑤ 류석현,② 김지훈,③ 서화모,(5) 1.3,,(5-2) 2.3,,(5-2-3) 12.0,-,,완료
2021,6,2,03R,④ 나병창,① 김지현,⑥ 최영재,(4) 2.0,,(4-1) 3.1,,(4-1-6) 3.0,-,,완료
2021,6,2,04R,③ 이지수,⑥ 이용세,① 김채현,(3) 1.0,,(3-6) 3.1,,(3-6-1) 10.6,-,,완료
2021,6,2,05R,③ 조현귀,⑤ 김국흠,② 주은석,(3) 5.7,,(3-5) 22.9,,(3-5-2) 1.3,-,④,완료
2021,6,2,06R,④ 심상철,③ 한종석,⑤ 장영태,(4) 1.7,,(4-3) 2.7,,(4-3-5) 2.1,-,,완료
2021,6,2,07R,⑤ 박원규,③ 류석현,② 정인교,(5) 6.4,,(5-3) 11.6,,(5-3-2) 2.5,-,,완료
2021,6,2,08R,① 최영재,③ 이지은,⑤ 한성근,(1) 2.4,,(1-3) 45.4,,(1-3-5) 34.6,-,,완료
2021,6,1,01R,⑤ 나병창,⑥ 심상철,② 박상현,(5) 1.8,,(5-6) 3.6,,(5-6-2) 4.3,-,,완료
2021,6,1,02R,① 이지수,② 김정구,⑤ 조현귀,(1) 1.1,,(1-2) 3.9,,(1-2-5) 12.0,-,,완료
2021,6,1,03R,③ 한 운,⑤ 김지훈,⑥ 정인교,(3) 20.8,,(3-5) 185.2,,(3-5-6) 199.7,-,,완료
2021,6,1,04R,④ 최영재,② 김영민,⑤ 양원준,(4) 1.5,,(4-2) 3.3,,(4-2-5) 3.9,-,,완료
2021,6,1,05R,① 한성근,② 나종호,④ 윤동오,(1) 1.0,,(1-2) 3.0,,(1-2-4) 2.7,-,,완료
2021,6,1,06R,④ 주은석,③ 김국흠,② 한종석,(4) 7.9,,(4-3) 40.0,,(4-3-2) 4.3,-,,완료
2021,6,1,07R,② 류석현,① 나병창,⑥ 이지수,(2) 1.4,,(2-1) 2.6,,(2-1-6) 8.8,-,,완료
2021,6,1,08R,① 심상철,③ 장영태,② 조현귀,(1) 1.2,,(1-3) 1.7,,(1-3-2) 2.5,-,,완료
2021,5,2,01R,② 한 진,④ 최재원,⑥ 문안나,(2) 22.7,,(2-4) 62.7,,(2-4-6) 23.2,-,,완료
2021,5,2,02R,① 김종민,② 곽현성,⑥ 김기한,(1) 1.2,,(1-2) 1.9,,(1-2-6) 19.0,-,,완료
2021,5,2,03R,② 박정아,③ 김동민,④ 권명호,(2) 1.2,,(2-3) 2.4,,(2-3-4) 17.5,-,,완료
2021,5,2,04R,③ 정민수,④ 이미나,② 박종덕,(3) 6.4,,(3-4) 15.0,,(3-4-2) 1.9,-,,완료
2021,5,2,05R,② 이창규,① 김동경,③ 이동준,(2) 6.0,,(2-1) 9.4,,(2-1-3) 2.8,-,,완료
2021,5,2,06R,⑥ 조성인,③ 고정환,⑤ 김도휘,(6) 1.5,,(6-3) 2.4,,(6-3-5) 2.0,-,,완료
2021,5,2,07R,② 우진수,③ 최재원,④ 홍기철,(2) 1.8,,(2-3) 4.7,,(2-3-4) 11.5,-,,완료
2021,5,2,08R,⑥ 김종민,② 김창규,④ 조규태,(6) 3.0,,(6-2) 14.7,,(6-2-4) 7.8,-,③,완료
2021,5,1,01R,① 박정아,⑥ 우진수,④ 김기한,(1) 1.3,,(1-6) 3.0,,(1-6-4) 2.9,-,,완료
2021,5,1,02R,③ 조성인,⑥ 배혜민,⑤ 이동준,(3) 1.1,,(3-6) 6.3,,(3-6-5) 2.8,-,,완료
2021,5,1,03R,① 박종덕,③ 김종민,④ 김동민,(1) 1.8,,(1-3) 3.0,,(1-3-4) 1.5,-,,완료
2021,5,1,04R,① 이주영,④ 고정환,⑥ 김창규,(1) 2.0,,(1-4) 10.6,,(1-4-6) 20.7,-,,완료
2021,5,1,05R,② 이미나,③ 김동경,④ 정민수,(2) 1.4,,(2-3) 2.0,,(2-3-4) 1.8,-,,완료
2021,5,1,06R,① 곽현성,④ 이창규,③ 문안나,(1) 1.3,,(1-4) 2.1,,(1-4-3) 2.8,-,,완료
2021,5,1,07R,① 배혜민,② 김태규,④ 황만주,(1) 3.5,,(1-2) 4.9,,(1-2-4) 5.8,-,,완료
2021,5,1,08R,④ 조성인,① 기광서,⑥ 박종덕,(4) 6.9,,(4-1) 5.4,,(4-1-6) 5.6,-,,완료
2021,4,2,01R,④ 김현철,① 민영건,⑥ 권현기,(4) 5.4,,(4-1) 4.6,,(4-1-6) 8.4,-,,완료
2021,4,2,02R,② 이 인,④ 김민천,⑥ 김인혜,(2) 1.6,,(2-4) 2.5,,(2-4-6) 4.0,-,,완료
2021,4,2,03R,② 구본선,① 김민길,③ 정훈민,(2) 5.7,,(2-1) 28.1,,(2-1-3) 10.1,-,,완료
2021,4,2,04R,⑥ 이종인,① 이진우,③ 최진혁,(6) 2.1,,(6-1) 2.7,,(6-1-3) 2.2,-,,완료
2021,4,2,05R,④ 김민준,⑤ 길현태,⑥ 송효석,(4) 1.7,,(4-5) 3.9,,(4-5-6) 7.2,-,,완료
2021,4,2,06R,① 반혜진,② 박석문,④ 손동민,(1) 1.7,,(1-2) 5.9,,(1-2-4) 4.8,-,,완료
2021,4,2,07R,① 김민천,③ 강영길,⑤ 김승택,(1) 1.3,,(1-3) 5.4,,(1-3-5) 8.0,-,,완료
2021,4,2,08R,① 이태희,⑥ 정훈민,④ 이 인,(1) 3.0,,(1-6) 67.5,,(1-6-4) 39.9,-,,완료
2021,4,1,01R,⑥ 김완석,⑤ 김도휘,③ 이 인,(6) 4.4,,(6-5) 104.3,,(6-5-3) 20.4,-,,완료
2021,4,1,02R,⑤ 반혜진,⑥ 김민천,② 윤영근,(5) 2.3,,(5-6) 16.9,,(5-6-2) 4.7,-,④,완료
2021,4,1,03R,① 정훈민,⑤ 김현철,③ 전정환,(1) 1.7,,(1-5) 2.5,,(1-5-3) 2.6,-,,완료
2021,4,1,04R,⑤ 구본선,① 손지영,⑥ 이태희,(5) 7.1,,(5-1) 19.6,,(5-1-6) 4.9,-,,완료
2021,4,1,05R,① 박준현,④ 박석문,③ 손동민,(1) 11.0,,(1-4) 109.0,,(1-4-3) 34.9,-,,완료
2021,4,1,06R,③ 김민준,① 김지영,② 김승택,(3) 1.5,,(3-1) 3.7,,(3-1-2) 6.9,-,,완료
2021,4,1,07R,① 김완석,② 반혜진,③ 권현기,(1) 1.4,,(1-2) 2.0,,(1-2-3) 6.1,-,,완료
2021,4,1,08R,② 김도휘,⑥ 김응선,⑤ 김민길,(2) 1.2,,(2-6) 7.5,,(2-6-5) 8.3,-,,완료
